{"summaries":[{"symbol":{"__symbol":0,"members":[]},"metadata":{"__symbolic":"class","members":{"__ctor__":[{"__symbolic":"constructor","parameters":[{"__symbol":1,"members":[]}]}],"isScreenXS":[{"__symbolic":"method"}]}},"type":{"summaryKind":1,"type":{"reference":{"__symbol":0,"members":[]},"diDeps":[{"isAttribute":false,"isHost":false,"isSelf":false,"isSkipSelf":false,"isOptional":false,"token":{"identifier":{"reference":{"__symbol":1,"members":[]}}}}],"lifecycleHooks":[]},"isComponent":true,"selector":"about-me","inputs":{},"outputs":{},"hostListeners":{},"hostProperties":{},"hostAttributes":{},"providers":[],"viewProviders":[],"queries":[],"viewQueries":[],"entryComponents":[],"changeDetection":1,"template":{"animations":[],"ngContentSelectors":[],"encapsulation":0},"componentViewType":{"__symbol":2,"members":[]},"rendererType":{"__symbol":3,"members":[]},"componentFactory":{"__symbol":4,"members":[]}}}],"symbols":[{"__symbol":0,"name":"AboutMeComponent","filePath":"/Users/AndrewStarr/Documents/vsCode/Personal Website/src/app/components/about-me.component.d.ts"},{"__symbol":1,"name":"ScreenSizeService","filePath":"/Users/AndrewStarr/Documents/vsCode/Personal Website/src/app/services/screen-size.service.d.ts"},{"__symbol":2,"name":"View_AboutMeComponent_0","filePath":"/Users/AndrewStarr/Documents/vsCode/Personal Website/src/app/components/about-me.component.ngfactory.d.ts"},{"__symbol":3,"name":"RenderType_AboutMeComponent","filePath":"/Users/AndrewStarr/Documents/vsCode/Personal Website/src/app/components/about-me.component.ngfactory.d.ts"},{"__symbol":4,"name":"AboutMeComponentNgFactory","filePath":"/Users/AndrewStarr/Documents/vsCode/Personal Website/src/app/components/about-me.component.ngfactory.d.ts"}]}