{"summaries":[{"symbol":{"__symbol":0,"members":[]},"metadata":{"__symbolic":"class","members":{"__ctor__":[{"__symbolic":"constructor","parameters":[{"__symbol":1,"members":[]},{"__symbol":2,"members":[]}]}],"toggleMenu":[{"__symbolic":"method"}],"hideMenu":[{"__symbolic":"method"}]}},"type":{"summaryKind":1,"type":{"reference":{"__symbol":0,"members":[]},"diDeps":[{"isAttribute":false,"isHost":false,"isSelf":false,"isSkipSelf":false,"isOptional":false,"token":{"identifier":{"reference":{"__symbol":1,"members":[]}}}},{"isAttribute":false,"isHost":false,"isSelf":false,"isSkipSelf":false,"isOptional":false,"token":{"identifier":{"reference":{"__symbol":2,"members":[]}}}}],"lifecycleHooks":[]},"isComponent":true,"selector":"my-app","inputs":{},"outputs":{},"hostListeners":{},"hostProperties":{},"hostAttributes":{},"providers":[],"viewProviders":[],"queries":[],"viewQueries":[],"entryComponents":[],"changeDetection":1,"template":{"animations":[],"ngContentSelectors":[],"encapsulation":0},"componentViewType":{"__symbol":3,"members":[]},"rendererType":{"__symbol":4,"members":[]},"componentFactory":{"__symbol":5,"members":[]}}}],"symbols":[{"__symbol":0,"name":"AppComponent","filePath":"/Users/AndrewStarr/Documents/vsCode/Personal Website/src/app/components/app.component.d.ts"},{"__symbol":1,"name":"Router","filePath":"/Users/AndrewStarr/Documents/vsCode/Personal Website/node_modules/@angular/router/router.d.ts"},{"__symbol":2,"name":"ScrollService","filePath":"/Users/AndrewStarr/Documents/vsCode/Personal Website/src/app/services/scroll.service.d.ts"},{"__symbol":3,"name":"View_AppComponent_0","filePath":"/Users/AndrewStarr/Documents/vsCode/Personal Website/src/app/components/app.component.ngfactory.d.ts"},{"__symbol":4,"name":"RenderType_AppComponent","filePath":"/Users/AndrewStarr/Documents/vsCode/Personal Website/src/app/components/app.component.ngfactory.d.ts"},{"__symbol":5,"name":"AppComponentNgFactory","filePath":"/Users/AndrewStarr/Documents/vsCode/Personal Website/src/app/components/app.component.ngfactory.d.ts"}]}