{"summaries":[{"symbol":{"__symbol":0,"members":[]},"metadata":{"__symbolic":"class","members":{"__ctor__":[{"__symbolic":"constructor","parameters":[{"__symbol":1,"members":[]},{"__symbol":2,"members":[]},{"__symbol":3,"members":[]}]}],"ngOnInit":[{"__symbolic":"method"}],"goBack":[{"__symbolic":"method"}]}},"type":{"summaryKind":1,"type":{"reference":{"__symbol":0,"members":[]},"diDeps":[{"isAttribute":false,"isHost":false,"isSelf":false,"isSkipSelf":false,"isOptional":false,"token":{"identifier":{"reference":{"__symbol":1,"members":[]}}}},{"isAttribute":false,"isHost":false,"isSelf":false,"isSkipSelf":false,"isOptional":false,"token":{"identifier":{"reference":{"__symbol":2,"members":[]}}}},{"isAttribute":false,"isHost":false,"isSelf":false,"isSkipSelf":false,"isOptional":false,"token":{"identifier":{"reference":{"__symbol":3,"members":[]}}}}],"lifecycleHooks":[0]},"isComponent":true,"selector":"college-details","inputs":{},"outputs":{},"hostListeners":{},"hostProperties":{},"hostAttributes":{},"providers":[],"viewProviders":[],"queries":[],"viewQueries":[],"entryComponents":[],"changeDetection":1,"template":{"animations":[],"ngContentSelectors":[],"encapsulation":2},"componentViewType":{"__symbol":4,"members":[]},"rendererType":{"__symbol":5,"members":[]},"componentFactory":{"__symbol":6,"members":[]}}}],"symbols":[{"__symbol":0,"name":"CollegeDetailsComponent","filePath":"/Users/AndrewStarr/Documents/vsCode/Personal Website/src/app/components/college-details.component.d.ts"},{"__symbol":1,"name":"EducationService","filePath":"/Users/AndrewStarr/Documents/vsCode/Personal Website/src/app/services/education.service.d.ts"},{"__symbol":2,"name":"ActivatedRoute","filePath":"/Users/AndrewStarr/Documents/vsCode/Personal Website/node_modules/@angular/router/router.d.ts"},{"__symbol":3,"name":"Router","filePath":"/Users/AndrewStarr/Documents/vsCode/Personal Website/node_modules/@angular/router/router.d.ts"},{"__symbol":4,"name":"View_CollegeDetailsComponent_0","filePath":"/Users/AndrewStarr/Documents/vsCode/Personal Website/src/app/components/college-details.component.ngfactory.d.ts"},{"__symbol":5,"name":"RenderType_CollegeDetailsComponent","filePath":"/Users/AndrewStarr/Documents/vsCode/Personal Website/src/app/components/college-details.component.ngfactory.d.ts"},{"__symbol":6,"name":"CollegeDetailsComponentNgFactory","filePath":"/Users/AndrewStarr/Documents/vsCode/Personal Website/src/app/components/college-details.component.ngfactory.d.ts"}]}