{"summaries":[{"symbol":{"__symbol":0,"members":[]},"metadata":{"__symbolic":"class","members":{"__ctor__":[{"__symbolic":"constructor","parameters":[{"__symbol":1,"members":[]},{"__symbol":2,"members":[]}]}],"ngOnInit":[{"__symbolic":"method"}],"stringifyMajors":[{"__symbolic":"method"}],"isScreenXS":[{"__symbolic":"method"}]}},"type":{"summaryKind":1,"type":{"reference":{"__symbol":0,"members":[]},"diDeps":[{"isAttribute":false,"isHost":false,"isSelf":false,"isSkipSelf":false,"isOptional":false,"token":{"identifier":{"reference":{"__symbol":1,"members":[]}}}},{"isAttribute":false,"isHost":false,"isSelf":false,"isSkipSelf":false,"isOptional":false,"token":{"identifier":{"reference":{"__symbol":2,"members":[]}}}}],"lifecycleHooks":[0]},"isComponent":true,"selector":"my-education","inputs":{},"outputs":{},"hostListeners":{},"hostProperties":{},"hostAttributes":{},"providers":[],"viewProviders":[],"queries":[],"viewQueries":[],"entryComponents":[],"changeDetection":1,"template":{"animations":[],"ngContentSelectors":[],"encapsulation":0},"componentViewType":{"__symbol":3,"members":[]},"rendererType":{"__symbol":4,"members":[]},"componentFactory":{"__symbol":5,"members":[]}}}],"symbols":[{"__symbol":0,"name":"EducationComponent","filePath":"/Users/AndrewStarr/Documents/vsCode/Personal Website/src/app/components/education.component.d.ts"},{"__symbol":1,"name":"EducationService","filePath":"/Users/AndrewStarr/Documents/vsCode/Personal Website/src/app/services/education.service.d.ts"},{"__symbol":2,"name":"ScreenSizeService","filePath":"/Users/AndrewStarr/Documents/vsCode/Personal Website/src/app/services/screen-size.service.d.ts"},{"__symbol":3,"name":"View_EducationComponent_0","filePath":"/Users/AndrewStarr/Documents/vsCode/Personal Website/src/app/components/education.component.ngfactory.d.ts"},{"__symbol":4,"name":"RenderType_EducationComponent","filePath":"/Users/AndrewStarr/Documents/vsCode/Personal Website/src/app/components/education.component.ngfactory.d.ts"},{"__symbol":5,"name":"EducationComponentNgFactory","filePath":"/Users/AndrewStarr/Documents/vsCode/Personal Website/src/app/components/education.component.ngfactory.d.ts"}]}