{"summaries":[{"symbol":{"__symbol":0,"members":[]},"metadata":{"__symbolic":"class"},"type":{"summaryKind":1,"type":{"reference":{"__symbol":0,"members":[]},"diDeps":[],"lifecycleHooks":[]},"isComponent":true,"selector":"home-page","inputs":{},"outputs":{},"hostListeners":{},"hostProperties":{},"hostAttributes":{},"providers":[],"viewProviders":[],"queries":[],"viewQueries":[],"entryComponents":[],"changeDetection":1,"template":{"animations":[],"ngContentSelectors":[],"encapsulation":0},"componentViewType":{"__symbol":1,"members":[]},"rendererType":{"__symbol":2,"members":[]},"componentFactory":{"__symbol":3,"members":[]}}}],"symbols":[{"__symbol":0,"name":"HomeComponent","filePath":"/Users/AndrewStarr/Documents/vsCode/Personal Website/src/app/components/home.component.d.ts"},{"__symbol":1,"name":"View_HomeComponent_0","filePath":"/Users/AndrewStarr/Documents/vsCode/Personal Website/src/app/components/home.component.ngfactory.d.ts"},{"__symbol":2,"name":"RenderType_HomeComponent","filePath":"/Users/AndrewStarr/Documents/vsCode/Personal Website/src/app/components/home.component.ngfactory.d.ts"},{"__symbol":3,"name":"HomeComponentNgFactory","filePath":"/Users/AndrewStarr/Documents/vsCode/Personal Website/src/app/components/home.component.ngfactory.d.ts"}]}