{"summaries":[{"symbol":{"__symbol":0,"members":[]},"metadata":{"__symbolic":"class","members":{"__ctor__":[{"__symbolic":"constructor","parameters":[{"__symbol":1,"members":[]},{"__symbol":2,"members":[]}]}],"ngOnInit":[{"__symbolic":"method"}],"ngOnDestroy":[{"__symbolic":"method"}]}},"type":{"summaryKind":1,"type":{"reference":{"__symbol":0,"members":[]},"diDeps":[{"isAttribute":false,"isHost":false,"isSelf":false,"isSkipSelf":false,"isOptional":false,"token":{"identifier":{"reference":{"__symbol":1,"members":[]}}}},{"isAttribute":false,"isHost":false,"isSelf":false,"isSkipSelf":false,"isOptional":false,"token":{"identifier":{"reference":{"__symbol":2,"members":[]}}}}],"lifecycleHooks":[0,1]},"isComponent":true,"selector":"project-details","inputs":{},"outputs":{},"hostListeners":{},"hostProperties":{},"hostAttributes":{},"providers":[],"viewProviders":[],"queries":[],"viewQueries":[],"entryComponents":[],"changeDetection":1,"template":{"animations":[],"ngContentSelectors":[],"encapsulation":0},"componentViewType":{"__symbol":3,"members":[]},"rendererType":{"__symbol":4,"members":[]},"componentFactory":{"__symbol":5,"members":[]}}}],"symbols":[{"__symbol":0,"name":"ProjectDetailsComponent","filePath":"/Users/AndrewStarr/Documents/vsCode/Personal Website/src/app/components/project-details.component.d.ts"},{"__symbol":1,"name":"ProjectService","filePath":"/Users/AndrewStarr/Documents/vsCode/Personal Website/src/app/services/project.service.d.ts"},{"__symbol":2,"name":"ActivatedRoute","filePath":"/Users/AndrewStarr/Documents/vsCode/Personal Website/node_modules/@angular/router/router.d.ts"},{"__symbol":3,"name":"View_ProjectDetailsComponent_0","filePath":"/Users/AndrewStarr/Documents/vsCode/Personal Website/src/app/components/project-details.component.ngfactory.d.ts"},{"__symbol":4,"name":"RenderType_ProjectDetailsComponent","filePath":"/Users/AndrewStarr/Documents/vsCode/Personal Website/src/app/components/project-details.component.ngfactory.d.ts"},{"__symbol":5,"name":"ProjectDetailsComponentNgFactory","filePath":"/Users/AndrewStarr/Documents/vsCode/Personal Website/src/app/components/project-details.component.ngfactory.d.ts"}]}