{"summaries":[{"symbol":{"__symbol":0,"members":[]},"metadata":{"__symbolic":"class","members":{"__ctor__":[{"__symbolic":"constructor","parameters":[{"__symbol":1,"members":[]},{"__symbol":2,"members":[]},{"__symbol":3,"members":[]}]}],"ngOnInit":[{"__symbolic":"method"}],"ngOnDestroy":[{"__symbolic":"method"}],"navigateTo":[{"__symbolic":"method"}],"isScreenXS":[{"__symbolic":"method"}]}},"type":{"summaryKind":1,"type":{"reference":{"__symbol":0,"members":[]},"diDeps":[{"isAttribute":false,"isHost":false,"isSelf":false,"isSkipSelf":false,"isOptional":false,"token":{"identifier":{"reference":{"__symbol":1,"members":[]}}}},{"isAttribute":false,"isHost":false,"isSelf":false,"isSkipSelf":false,"isOptional":false,"token":{"identifier":{"reference":{"__symbol":2,"members":[]}}}},{"isAttribute":false,"isHost":false,"isSelf":false,"isSkipSelf":false,"isOptional":false,"token":{"identifier":{"reference":{"__symbol":3,"members":[]}}}}],"lifecycleHooks":[0,1]},"isComponent":true,"selector":"my-experience","inputs":{},"outputs":{},"hostListeners":{},"hostProperties":{},"hostAttributes":{},"providers":[],"viewProviders":[],"queries":[],"viewQueries":[],"entryComponents":[],"changeDetection":1,"template":{"animations":[],"ngContentSelectors":[],"encapsulation":0},"componentViewType":{"__symbol":4,"members":[]},"rendererType":{"__symbol":5,"members":[]},"componentFactory":{"__symbol":6,"members":[]}}}],"symbols":[{"__symbol":0,"name":"WorkExperienceComponent","filePath":"/Users/AndrewStarr/Documents/vsCode/Personal Website/src/app/components/work-experience.component.d.ts"},{"__symbol":1,"name":"JobService","filePath":"/Users/AndrewStarr/Documents/vsCode/Personal Website/src/app/services/job.service.d.ts"},{"__symbol":2,"name":"Router","filePath":"/Users/AndrewStarr/Documents/vsCode/Personal Website/node_modules/@angular/router/router.d.ts"},{"__symbol":3,"name":"ScreenSizeService","filePath":"/Users/AndrewStarr/Documents/vsCode/Personal Website/src/app/services/screen-size.service.d.ts"},{"__symbol":4,"name":"View_WorkExperienceComponent_0","filePath":"/Users/AndrewStarr/Documents/vsCode/Personal Website/src/app/components/work-experience.component.ngfactory.d.ts"},{"__symbol":5,"name":"RenderType_WorkExperienceComponent","filePath":"/Users/AndrewStarr/Documents/vsCode/Personal Website/src/app/components/work-experience.component.ngfactory.d.ts"},{"__symbol":6,"name":"WorkExperienceComponentNgFactory","filePath":"/Users/AndrewStarr/Documents/vsCode/Personal Website/src/app/components/work-experience.component.ngfactory.d.ts"}]}