{"summaries":[{"symbol":{"__symbol":0,"members":[]},"metadata":{"__symbolic":"class","members":{"__ctor__":[{"__symbolic":"constructor","parameters":[{"__symbol":1,"members":[]},{"__symbol":2,"members":[]},{"__symbol":3,"members":[]},{"__symbol":4,"members":[]}]}],"ngOnInit":[{"__symbolic":"method"}],"ngOnDestroy":[{"__symbolic":"method"}],"navigateTo":[{"__symbolic":"method"}],"loadCompanies":[{"__symbolic":"method"}],"getCompany":[{"__symbolic":"method"}],"isScreenXS":[{"__symbolic":"method"}]}},"type":{"summaryKind":1,"type":{"reference":{"__symbol":0,"members":[]},"diDeps":[{"isAttribute":false,"isHost":false,"isSelf":false,"isSkipSelf":false,"isOptional":false,"token":{"identifier":{"reference":{"__symbol":1,"members":[]}}}},{"isAttribute":false,"isHost":false,"isSelf":false,"isSkipSelf":false,"isOptional":false,"token":{"identifier":{"reference":{"__symbol":2,"members":[]}}}},{"isAttribute":false,"isHost":false,"isSelf":false,"isSkipSelf":false,"isOptional":false,"token":{"identifier":{"reference":{"__symbol":3,"members":[]}}}},{"isAttribute":false,"isHost":false,"isSelf":false,"isSkipSelf":false,"isOptional":false,"token":{"identifier":{"reference":{"__symbol":4,"members":[]}}}}],"lifecycleHooks":[0,1]},"isComponent":true,"selector":"work-samples","inputs":{},"outputs":{},"hostListeners":{},"hostProperties":{},"hostAttributes":{},"providers":[],"viewProviders":[],"queries":[],"viewQueries":[],"entryComponents":[],"changeDetection":1,"template":{"animations":[],"ngContentSelectors":[],"encapsulation":0},"componentViewType":{"__symbol":5,"members":[]},"rendererType":{"__symbol":6,"members":[]},"componentFactory":{"__symbol":7,"members":[]}}}],"symbols":[{"__symbol":0,"name":"WorkSamplesComponent","filePath":"/Users/AndrewStarr/Documents/vsCode/Personal Website/src/app/components/work-samples.component.d.ts"},{"__symbol":1,"name":"ProjectService","filePath":"/Users/AndrewStarr/Documents/vsCode/Personal Website/src/app/services/project.service.d.ts"},{"__symbol":2,"name":"JobService","filePath":"/Users/AndrewStarr/Documents/vsCode/Personal Website/src/app/services/job.service.d.ts"},{"__symbol":3,"name":"Router","filePath":"/Users/AndrewStarr/Documents/vsCode/Personal Website/node_modules/@angular/router/router.d.ts"},{"__symbol":4,"name":"ScreenSizeService","filePath":"/Users/AndrewStarr/Documents/vsCode/Personal Website/src/app/services/screen-size.service.d.ts"},{"__symbol":5,"name":"View_WorkSamplesComponent_0","filePath":"/Users/AndrewStarr/Documents/vsCode/Personal Website/src/app/components/work-samples.component.ngfactory.d.ts"},{"__symbol":6,"name":"RenderType_WorkSamplesComponent","filePath":"/Users/AndrewStarr/Documents/vsCode/Personal Website/src/app/components/work-samples.component.ngfactory.d.ts"},{"__symbol":7,"name":"WorkSamplesComponentNgFactory","filePath":"/Users/AndrewStarr/Documents/vsCode/Personal Website/src/app/components/work-samples.component.ngfactory.d.ts"}]}