{"summaries":[{"symbol":{"__symbol":0,"members":[]},"metadata":{"__symbolic":"class"},"type":{"summaryKind":2,"type":{"reference":{"__symbol":0,"members":[]},"diDeps":[],"lifecycleHooks":[]},"entryComponents":[{"componentType":{"__symbol":1,"members":[]},"componentFactory":{"__symbol":2,"members":[]}},{"componentType":{"__symbol":3,"members":[]},"componentFactory":{"__symbol":4,"members":[]}},{"componentType":{"__symbol":5,"members":[]},"componentFactory":{"__symbol":6,"members":[]}},{"componentType":{"__symbol":7,"members":[]},"componentFactory":{"__symbol":8,"members":[]}},{"componentType":{"__symbol":9,"members":[]},"componentFactory":{"__symbol":10,"members":[]}},{"componentType":{"__symbol":11,"members":[]},"componentFactory":{"__symbol":12,"members":[]}},{"componentType":{"__symbol":13,"members":[]},"componentFactory":{"__symbol":14,"members":[]}},{"componentType":{"__symbol":15,"members":[]},"componentFactory":{"__symbol":16,"members":[]}}],"providers":[{"provider":{"token":{"identifier":{"reference":{"__symbol":17,"members":[]},"diDeps":[{"isAttribute":false,"isHost":false,"isSelf":false,"isSkipSelf":false,"isOptional":false,"token":{"identifier":{"reference":{"__symbol":18,"members":[]}}}}],"lifecycleHooks":[]}},"useClass":{"reference":{"__symbol":17,"members":[]},"diDeps":[{"isAttribute":false,"isHost":false,"isSelf":false,"isSkipSelf":false,"isOptional":false,"token":{"identifier":{"reference":{"__symbol":18,"members":[]}}}}],"lifecycleHooks":[]},"useFactory":null,"useExisting":null,"deps":[{"isAttribute":false,"isHost":false,"isSelf":false,"isSkipSelf":false,"isOptional":false,"token":{"identifier":{"reference":{"__symbol":18,"members":[]}}}}],"multi":false},"module":{"reference":{"__symbol":0,"members":[]},"diDeps":[],"lifecycleHooks":[]}},{"provider":{"token":{"identifier":{"reference":{"__symbol":19,"members":[]}}},"useClass":{"reference":{"__symbol":20,"members":[]},"diDeps":[],"lifecycleHooks":[]},"useFactory":null,"useExisting":null,"deps":[],"multi":false},"module":{"reference":{"__symbol":0,"members":[]},"diDeps":[],"lifecycleHooks":[]}},{"provider":{"token":{"identifier":{"reference":{"__symbol":21,"members":[]}}},"useClass":null,"useFactory":{"reference":{"__symbol":22,"members":[]},"diDeps":[{"isAttribute":false,"isHost":false,"isSelf":false,"isSkipSelf":false,"isOptional":false,"token":{"identifier":{"reference":{"__symbol":23,"members":[]}}}},{"isAttribute":false,"isHost":false,"isSelf":false,"isSkipSelf":false,"isOptional":false,"token":{"identifier":{"reference":{"__symbol":19,"members":[]}}}},{"isAttribute":false,"isHost":false,"isSelf":false,"isSkipSelf":false,"isOptional":false,"token":{"identifier":{"reference":{"__symbol":24,"members":[]}}}},{"isAttribute":false,"isHost":false,"isSelf":false,"isSkipSelf":false,"isOptional":false,"token":{"identifier":{"reference":{"__symbol":17,"members":[]}}}},{"isAttribute":false,"isHost":false,"isSelf":false,"isSkipSelf":false,"isOptional":false,"token":{"identifier":{"reference":{"__symbol":25,"members":[]}}}},{"isAttribute":false,"isHost":false,"isSelf":false,"isSkipSelf":false,"isOptional":false,"token":{"identifier":{"reference":{"__symbol":26,"members":[]}}}},{"isAttribute":false,"isHost":false,"isSelf":false,"isSkipSelf":false,"isOptional":false,"token":{"identifier":{"reference":{"__symbol":27,"members":[]}}}},{"isAttribute":false,"isHost":false,"isSelf":false,"isSkipSelf":false,"isOptional":false,"token":{"identifier":{"reference":{"__symbol":28,"members":[]}}}},{"isAttribute":false,"isHost":false,"isSelf":false,"isSkipSelf":false,"isOptional":false,"token":{"identifier":{"reference":{"__symbol":29,"members":[]}}}},{"isAttribute":false,"isHost":false,"isSelf":false,"isSkipSelf":false,"isOptional":true,"token":{"identifier":{"reference":{"__symbol":30,"members":[]}}}},{"isAttribute":false,"isHost":false,"isSelf":false,"isSkipSelf":false,"isOptional":true,"token":{"identifier":{"reference":{"__symbol":31,"members":[]}}}}]},"useExisting":null,"deps":[{"isAttribute":false,"isHost":false,"isSelf":false,"isSkipSelf":false,"isOptional":false,"token":{"identifier":{"reference":{"__symbol":23,"members":[]}}}},{"isAttribute":false,"isHost":false,"isSelf":false,"isSkipSelf":false,"isOptional":false,"token":{"identifier":{"reference":{"__symbol":19,"members":[]}}}},{"isAttribute":false,"isHost":false,"isSelf":false,"isSkipSelf":false,"isOptional":false,"token":{"identifier":{"reference":{"__symbol":24,"members":[]}}}},{"isAttribute":false,"isHost":false,"isSelf":false,"isSkipSelf":false,"isOptional":false,"token":{"identifier":{"reference":{"__symbol":17,"members":[]}}}},{"isAttribute":false,"isHost":false,"isSelf":false,"isSkipSelf":false,"isOptional":false,"token":{"identifier":{"reference":{"__symbol":25,"members":[]}}}},{"isAttribute":false,"isHost":false,"isSelf":false,"isSkipSelf":false,"isOptional":false,"token":{"identifier":{"reference":{"__symbol":26,"members":[]}}}},{"isAttribute":false,"isHost":false,"isSelf":false,"isSkipSelf":false,"isOptional":false,"token":{"identifier":{"reference":{"__symbol":27,"members":[]}}}},{"isAttribute":false,"isHost":false,"isSelf":false,"isSkipSelf":false,"isOptional":false,"token":{"identifier":{"reference":{"__symbol":28,"members":[]}}}},{"isAttribute":false,"isHost":false,"isSelf":false,"isSkipSelf":false,"isOptional":false,"token":{"identifier":{"reference":{"__symbol":29,"members":[]}}}},{"isAttribute":false,"isHost":false,"isSelf":false,"isSkipSelf":false,"isOptional":true,"token":{"identifier":{"reference":{"__symbol":30,"members":[]}}}},{"isAttribute":false,"isHost":false,"isSelf":false,"isSkipSelf":false,"isOptional":true,"token":{"identifier":{"reference":{"__symbol":31,"members":[]}}}}],"multi":false},"module":{"reference":{"__symbol":0,"members":[]},"diDeps":[],"lifecycleHooks":[]}},{"provider":{"token":{"identifier":{"reference":{"__symbol":24,"members":[]},"diDeps":[],"lifecycleHooks":[]}},"useClass":{"reference":{"__symbol":24,"members":[]},"diDeps":[],"lifecycleHooks":[]},"useFactory":null,"useExisting":null,"deps":[],"multi":false},"module":{"reference":{"__symbol":0,"members":[]},"diDeps":[],"lifecycleHooks":[]}},{"provider":{"token":{"identifier":{"reference":{"__symbol":32,"members":[]}}},"useClass":null,"useFactory":{"reference":{"__symbol":33,"members":[]},"diDeps":[{"isAttribute":false,"isHost":false,"isSelf":false,"isSkipSelf":false,"isOptional":false,"token":{"identifier":{"reference":{"__symbol":21,"members":[]}}}}]},"useExisting":null,"deps":[{"isAttribute":false,"isHost":false,"isSelf":false,"isSkipSelf":false,"isOptional":false,"token":{"identifier":{"reference":{"__symbol":21,"members":[]}}}}],"multi":false},"module":{"reference":{"__symbol":0,"members":[]},"diDeps":[],"lifecycleHooks":[]}},{"provider":{"token":{"identifier":{"reference":{"__symbol":26,"members":[]}}},"useClass":{"reference":{"__symbol":34,"members":[]},"diDeps":[{"isAttribute":false,"isHost":false,"isSelf":false,"isSkipSelf":false,"isOptional":false,"token":{"identifier":{"reference":{"__symbol":27,"members":[]}}}},{"isAttribute":false,"isHost":false,"isSelf":false,"isSkipSelf":false,"isOptional":true,"token":{"identifier":{"reference":{"__symbol":35,"members":[]}}}}],"lifecycleHooks":[]},"useFactory":null,"useExisting":null,"deps":[{"isAttribute":false,"isHost":false,"isSelf":false,"isSkipSelf":false,"isOptional":false,"token":{"identifier":{"reference":{"__symbol":27,"members":[]}}}},{"isAttribute":false,"isHost":false,"isSelf":false,"isSkipSelf":false,"isOptional":true,"token":{"identifier":{"reference":{"__symbol":35,"members":[]}}}}],"multi":false},"module":{"reference":{"__symbol":0,"members":[]},"diDeps":[],"lifecycleHooks":[]}},{"provider":{"token":{"identifier":{"reference":{"__symbol":36,"members":[]},"diDeps":[{"isAttribute":false,"isHost":false,"isSelf":false,"isSkipSelf":false,"isOptional":false,"token":{"identifier":{"reference":{"__symbol":21,"members":[]}}}},{"isAttribute":false,"isHost":false,"isSelf":false,"isSkipSelf":false,"isOptional":false,"token":{"identifier":{"reference":{"__symbol":26,"members":[]}}}},{"isAttribute":false,"isHost":false,"isSelf":false,"isSkipSelf":false,"isOptional":false,"token":{"identifier":{"reference":{"__symbol":27,"members":[]}}}},{"isAttribute":false,"isHost":false,"isSelf":false,"isSkipSelf":false,"isOptional":false,"token":{"identifier":{"reference":{"__symbol":25,"members":[]}}}},{"isAttribute":false,"isHost":false,"isSelf":false,"isSkipSelf":false,"isOptional":false,"token":{"identifier":{"reference":{"__symbol":37,"members":[]}}}}],"lifecycleHooks":[1]}},"useClass":{"reference":{"__symbol":36,"members":[]},"diDeps":[{"isAttribute":false,"isHost":false,"isSelf":false,"isSkipSelf":false,"isOptional":false,"token":{"identifier":{"reference":{"__symbol":21,"members":[]}}}},{"isAttribute":false,"isHost":false,"isSelf":false,"isSkipSelf":false,"isOptional":false,"token":{"identifier":{"reference":{"__symbol":26,"members":[]}}}},{"isAttribute":false,"isHost":false,"isSelf":false,"isSkipSelf":false,"isOptional":false,"token":{"identifier":{"reference":{"__symbol":27,"members":[]}}}},{"isAttribute":false,"isHost":false,"isSelf":false,"isSkipSelf":false,"isOptional":false,"token":{"identifier":{"reference":{"__symbol":25,"members":[]}}}},{"isAttribute":false,"isHost":false,"isSelf":false,"isSkipSelf":false,"isOptional":false,"token":{"identifier":{"reference":{"__symbol":37,"members":[]}}}}],"lifecycleHooks":[1]},"useFactory":null,"useExisting":null,"deps":[{"isAttribute":false,"isHost":false,"isSelf":false,"isSkipSelf":false,"isOptional":false,"token":{"identifier":{"reference":{"__symbol":21,"members":[]}}}},{"isAttribute":false,"isHost":false,"isSelf":false,"isSkipSelf":false,"isOptional":false,"token":{"identifier":{"reference":{"__symbol":26,"members":[]}}}},{"isAttribute":false,"isHost":false,"isSelf":false,"isSkipSelf":false,"isOptional":false,"token":{"identifier":{"reference":{"__symbol":27,"members":[]}}}},{"isAttribute":false,"isHost":false,"isSelf":false,"isSkipSelf":false,"isOptional":false,"token":{"identifier":{"reference":{"__symbol":25,"members":[]}}}},{"isAttribute":false,"isHost":false,"isSelf":false,"isSkipSelf":false,"isOptional":false,"token":{"identifier":{"reference":{"__symbol":37,"members":[]}}}}],"multi":false},"module":{"reference":{"__symbol":0,"members":[]},"diDeps":[],"lifecycleHooks":[]}},{"provider":{"token":{"identifier":{"reference":{"__symbol":38,"members":[]},"diDeps":[],"lifecycleHooks":[]}},"useClass":{"reference":{"__symbol":38,"members":[]},"diDeps":[],"lifecycleHooks":[]},"useFactory":null,"useExisting":null,"deps":[],"multi":false},"module":{"reference":{"__symbol":0,"members":[]},"diDeps":[],"lifecycleHooks":[]}},{"provider":{"token":{"identifier":{"reference":{"__symbol":39,"members":[]},"diDeps":[],"lifecycleHooks":[]}},"useClass":{"reference":{"__symbol":39,"members":[]},"diDeps":[],"lifecycleHooks":[]},"useFactory":null,"useExisting":null,"deps":[],"multi":false},"module":{"reference":{"__symbol":0,"members":[]},"diDeps":[],"lifecycleHooks":[]}},{"provider":{"token":{"identifier":{"reference":{"__symbol":29,"members":[]}}},"useClass":null,"useValue":{"enableTracing":false},"useFactory":null,"useExisting":null,"multi":false},"module":{"reference":{"__symbol":0,"members":[]},"diDeps":[],"lifecycleHooks":[]}},{"provider":{"token":{"identifier":{"reference":{"__symbol":28,"members":[]}}},"useClass":null,"useValue":[{"path":"","redirectTo":"/Home","pathMatch":"full"},{"path":"Home","component":{"__symbol":1,"members":[]}},{"path":"AboutMe","component":{"__symbol":3,"members":[]}},{"path":"Education","component":{"__symbol":5,"members":[]}},{"path":"WorkExperience","component":{"__symbol":7,"members":[]}},{"path":"WorkSamples","component":{"__symbol":9,"members":[]}},{"path":"JobDetails/:id","component":{"__symbol":11,"members":[]}},{"path":"ProjectDetails/:id","component":{"__symbol":13,"members":[]}},{"path":"CollegeDetails/:id","component":{"__symbol":15,"members":[]}},{"path":"**","redirectTo":"/Home","pathMatch":"full"}],"useFactory":null,"useExisting":null,"multi":true},"module":{"reference":{"__symbol":0,"members":[]},"diDeps":[],"lifecycleHooks":[]}},{"provider":{"token":{"identifier":{"reference":{"__symbol":40,"members":[]}}},"useClass":null,"useFactory":{"reference":{"__symbol":41,"members":[]},"diDeps":[{"isAttribute":false,"isHost":false,"isSelf":false,"isSkipSelf":true,"isOptional":true,"token":{"identifier":{"reference":{"__symbol":21,"members":[]}}}}]},"useExisting":null,"deps":[{"isAttribute":false,"isHost":false,"isSelf":false,"isSkipSelf":true,"isOptional":true,"token":{"identifier":{"reference":{"__symbol":21,"members":[]}}}}],"multi":false},"module":{"reference":{"__symbol":0,"members":[]},"diDeps":[],"lifecycleHooks":[]}},{"provider":{"token":{"identifier":{"reference":{"__symbol":29,"members":[]}}},"useClass":null,"useValue":{},"useFactory":null,"useExisting":null,"multi":false},"module":{"reference":{"__symbol":0,"members":[]},"diDeps":[],"lifecycleHooks":[]}},{"provider":{"token":{"identifier":{"reference":{"__symbol":18,"members":[]}}},"useClass":null,"useFactory":{"reference":{"__symbol":42,"members":[]},"diDeps":[{"isAttribute":false,"isHost":false,"isSelf":false,"isSkipSelf":false,"isOptional":false,"token":{"identifier":{"reference":{"__symbol":43,"members":[]}}}},{"isAttribute":false,"isHost":false,"isSelf":false,"isSkipSelf":false,"isOptional":true,"token":{"identifier":{"reference":{"__symbol":44,"members":[]}}}},{"isAttribute":false,"isHost":false,"isSelf":false,"isSkipSelf":false,"isOptional":false,"token":{"identifier":{"reference":{"__symbol":29,"members":[]}}}}]},"useExisting":null,"deps":[{"isAttribute":false,"isHost":false,"isSelf":false,"isSkipSelf":false,"isOptional":false,"token":{"identifier":{"reference":{"__symbol":43,"members":[]}}}},{"isAttribute":false,"isHost":false,"isSelf":false,"isSkipSelf":false,"isOptional":true,"token":{"identifier":{"reference":{"__symbol":44,"members":[]}}}},{"isAttribute":false,"isHost":false,"isSelf":false,"isSkipSelf":false,"isOptional":false,"token":{"identifier":{"reference":{"__symbol":29,"members":[]}}}}],"multi":false},"module":{"reference":{"__symbol":0,"members":[]},"diDeps":[],"lifecycleHooks":[]}},{"provider":{"token":{"identifier":{"reference":{"__symbol":37,"members":[]}}},"useClass":null,"useFactory":null,"useExisting":{"identifier":{"reference":{"__symbol":38,"members":[]}}},"multi":false},"module":{"reference":{"__symbol":0,"members":[]},"diDeps":[],"lifecycleHooks":[]}},{"provider":{"token":{"identifier":{"reference":{"__symbol":45,"members":[]}}},"useClass":null,"useFactory":{"reference":{"__symbol":46,"members":[]},"diDeps":[]},"useExisting":null,"deps":[],"multi":true},"module":{"reference":{"__symbol":0,"members":[]},"diDeps":[],"lifecycleHooks":[]}},{"provider":{"token":{"identifier":{"reference":{"__symbol":47,"members":[]},"diDeps":[{"isAttribute":false,"isHost":false,"isSelf":false,"isSkipSelf":false,"isOptional":false,"token":{"identifier":{"reference":{"__symbol":25,"members":[]}}}}],"lifecycleHooks":[]}},"useClass":{"reference":{"__symbol":47,"members":[]},"diDeps":[{"isAttribute":false,"isHost":false,"isSelf":false,"isSkipSelf":false,"isOptional":false,"token":{"identifier":{"reference":{"__symbol":25,"members":[]}}}}],"lifecycleHooks":[]},"useFactory":null,"useExisting":null,"deps":[{"isAttribute":false,"isHost":false,"isSelf":false,"isSkipSelf":false,"isOptional":false,"token":{"identifier":{"reference":{"__symbol":25,"members":[]}}}}],"multi":false},"module":{"reference":{"__symbol":0,"members":[]},"diDeps":[],"lifecycleHooks":[]}},{"provider":{"token":{"identifier":{"reference":{"__symbol":48,"members":[]}}},"useClass":null,"useFactory":{"reference":{"__symbol":49,"members":[]},"diDeps":[{"isAttribute":false,"isHost":false,"isSelf":false,"isSkipSelf":false,"isOptional":false,"token":{"identifier":{"reference":{"__symbol":47,"members":[]}}}}]},"useExisting":null,"deps":[{"isAttribute":false,"isHost":false,"isSelf":false,"isSkipSelf":false,"isOptional":false,"token":{"identifier":{"reference":{"__symbol":47,"members":[]}}}}],"multi":true},"module":{"reference":{"__symbol":0,"members":[]},"diDeps":[],"lifecycleHooks":[]}},{"provider":{"token":{"identifier":{"reference":{"__symbol":50,"members":[]}}},"useClass":null,"useFactory":{"reference":{"__symbol":51,"members":[]},"diDeps":[{"isAttribute":false,"isHost":false,"isSelf":false,"isSkipSelf":false,"isOptional":false,"token":{"identifier":{"reference":{"__symbol":47,"members":[]}}}}]},"useExisting":null,"deps":[{"isAttribute":false,"isHost":false,"isSelf":false,"isSkipSelf":false,"isOptional":false,"token":{"identifier":{"reference":{"__symbol":47,"members":[]}}}}],"multi":false},"module":{"reference":{"__symbol":0,"members":[]},"diDeps":[],"lifecycleHooks":[]}},{"provider":{"token":{"identifier":{"reference":{"__symbol":52,"members":[]}}},"useClass":null,"useFactory":null,"useExisting":{"identifier":{"reference":{"__symbol":50,"members":[]}}},"multi":true},"module":{"reference":{"__symbol":0,"members":[]},"diDeps":[],"lifecycleHooks":[]}}],"modules":[{"reference":{"__symbol":53,"members":[]},"diDeps":[{"isAttribute":false,"isHost":false,"isSelf":false,"isSkipSelf":false,"isOptional":true,"token":{"identifier":{"reference":{"__symbol":40,"members":[]}}}},{"isAttribute":false,"isHost":false,"isSelf":false,"isSkipSelf":false,"isOptional":true,"token":{"identifier":{"reference":{"__symbol":21,"members":[]}}}}],"lifecycleHooks":[]},{"reference":{"__symbol":0,"members":[]},"diDeps":[],"lifecycleHooks":[]}],"exportedDirectives":[{"reference":{"__symbol":54,"members":[]}},{"reference":{"__symbol":55,"members":[]}},{"reference":{"__symbol":56,"members":[]}},{"reference":{"__symbol":57,"members":[]}}],"exportedPipes":[]}}],"symbols":[{"__symbol":0,"name":"AppRoutingModule","filePath":"/Users/AndrewStarr/Documents/vsCode/Personal Website/src/app/modules/app-routing.module.d.ts"},{"__symbol":1,"name":"HomeComponent","filePath":"/Users/AndrewStarr/Documents/vsCode/Personal Website/src/app/components/home.component.d.ts"},{"__symbol":2,"name":"HomeComponentNgFactory","filePath":"/Users/AndrewStarr/Documents/vsCode/Personal Website/src/app/components/home.component.ngfactory.d.ts"},{"__symbol":3,"name":"AboutMeComponent","filePath":"/Users/AndrewStarr/Documents/vsCode/Personal Website/src/app/components/about-me.component.d.ts"},{"__symbol":4,"name":"AboutMeComponentNgFactory","filePath":"/Users/AndrewStarr/Documents/vsCode/Personal Website/src/app/components/about-me.component.ngfactory.d.ts"},{"__symbol":5,"name":"EducationComponent","filePath":"/Users/AndrewStarr/Documents/vsCode/Personal Website/src/app/components/education.component.d.ts"},{"__symbol":6,"name":"EducationComponentNgFactory","filePath":"/Users/AndrewStarr/Documents/vsCode/Personal Website/src/app/components/education.component.ngfactory.d.ts"},{"__symbol":7,"name":"WorkExperienceComponent","filePath":"/Users/AndrewStarr/Documents/vsCode/Personal Website/src/app/components/work-experience.component.d.ts"},{"__symbol":8,"name":"WorkExperienceComponentNgFactory","filePath":"/Users/AndrewStarr/Documents/vsCode/Personal Website/src/app/components/work-experience.component.ngfactory.d.ts"},{"__symbol":9,"name":"WorkSamplesComponent","filePath":"/Users/AndrewStarr/Documents/vsCode/Personal Website/src/app/components/work-samples.component.d.ts"},{"__symbol":10,"name":"WorkSamplesComponentNgFactory","filePath":"/Users/AndrewStarr/Documents/vsCode/Personal Website/src/app/components/work-samples.component.ngfactory.d.ts"},{"__symbol":11,"name":"JobDetailsComponent","filePath":"/Users/AndrewStarr/Documents/vsCode/Personal Website/src/app/components/job-details.component.d.ts"},{"__symbol":12,"name":"JobDetailsComponentNgFactory","filePath":"/Users/AndrewStarr/Documents/vsCode/Personal Website/src/app/components/job-details.component.ngfactory.d.ts"},{"__symbol":13,"name":"ProjectDetailsComponent","filePath":"/Users/AndrewStarr/Documents/vsCode/Personal Website/src/app/components/project-details.component.d.ts"},{"__symbol":14,"name":"ProjectDetailsComponentNgFactory","filePath":"/Users/AndrewStarr/Documents/vsCode/Personal Website/src/app/components/project-details.component.ngfactory.d.ts"},{"__symbol":15,"name":"CollegeDetailsComponent","filePath":"/Users/AndrewStarr/Documents/vsCode/Personal Website/src/app/components/college-details.component.d.ts"},{"__symbol":16,"name":"CollegeDetailsComponentNgFactory","filePath":"/Users/AndrewStarr/Documents/vsCode/Personal Website/src/app/components/college-details.component.ngfactory.d.ts"},{"__symbol":17,"name":"Location","filePath":"/Users/AndrewStarr/Documents/vsCode/Personal Website/node_modules/@angular/common/common.d.ts"},{"__symbol":18,"name":"LocationStrategy","filePath":"/Users/AndrewStarr/Documents/vsCode/Personal Website/node_modules/@angular/common/common.d.ts"},{"__symbol":19,"name":"UrlSerializer","filePath":"/Users/AndrewStarr/Documents/vsCode/Personal Website/node_modules/@angular/router/router.d.ts"},{"__symbol":20,"name":"DefaultUrlSerializer","filePath":"/Users/AndrewStarr/Documents/vsCode/Personal Website/node_modules/@angular/router/router.d.ts"},{"__symbol":21,"name":"Router","filePath":"/Users/AndrewStarr/Documents/vsCode/Personal Website/node_modules/@angular/router/router.d.ts"},{"__symbol":22,"name":"ɵe","filePath":"/Users/AndrewStarr/Documents/vsCode/Personal Website/node_modules/@angular/router/router.d.ts"},{"__symbol":23,"name":"ApplicationRef","filePath":"/Users/AndrewStarr/Documents/vsCode/Personal Website/node_modules/@angular/core/core.d.ts"},{"__symbol":24,"name":"RouterOutletMap","filePath":"/Users/AndrewStarr/Documents/vsCode/Personal Website/node_modules/@angular/router/router.d.ts"},{"__symbol":25,"name":"Injector","filePath":"/Users/AndrewStarr/Documents/vsCode/Personal Website/node_modules/@angular/core/core.d.ts"},{"__symbol":26,"name":"NgModuleFactoryLoader","filePath":"/Users/AndrewStarr/Documents/vsCode/Personal Website/node_modules/@angular/core/core.d.ts"},{"__symbol":27,"name":"Compiler","filePath":"/Users/AndrewStarr/Documents/vsCode/Personal Website/node_modules/@angular/core/core.d.ts"},{"__symbol":28,"name":"ROUTES","filePath":"/Users/AndrewStarr/Documents/vsCode/Personal Website/node_modules/@angular/router/router.d.ts"},{"__symbol":29,"name":"ROUTER_CONFIGURATION","filePath":"/Users/AndrewStarr/Documents/vsCode/Personal Website/node_modules/@angular/router/router.d.ts"},{"__symbol":30,"name":"UrlHandlingStrategy","filePath":"/Users/AndrewStarr/Documents/vsCode/Personal Website/node_modules/@angular/router/router.d.ts"},{"__symbol":31,"name":"RouteReuseStrategy","filePath":"/Users/AndrewStarr/Documents/vsCode/Personal Website/node_modules/@angular/router/router.d.ts"},{"__symbol":32,"name":"ActivatedRoute","filePath":"/Users/AndrewStarr/Documents/vsCode/Personal Website/node_modules/@angular/router/router.d.ts"},{"__symbol":33,"name":"ɵf","filePath":"/Users/AndrewStarr/Documents/vsCode/Personal Website/node_modules/@angular/router/router.d.ts"},{"__symbol":34,"name":"SystemJsNgModuleLoader","filePath":"/Users/AndrewStarr/Documents/vsCode/Personal Website/node_modules/@angular/core/core.d.ts"},{"__symbol":35,"name":"SystemJsNgModuleLoaderConfig","filePath":"/Users/AndrewStarr/Documents/vsCode/Personal Website/node_modules/@angular/core/core.d.ts"},{"__symbol":36,"name":"RouterPreloader","filePath":"/Users/AndrewStarr/Documents/vsCode/Personal Website/node_modules/@angular/router/router.d.ts"},{"__symbol":37,"name":"PreloadingStrategy","filePath":"/Users/AndrewStarr/Documents/vsCode/Personal Website/node_modules/@angular/router/router.d.ts"},{"__symbol":38,"name":"NoPreloading","filePath":"/Users/AndrewStarr/Documents/vsCode/Personal Website/node_modules/@angular/router/router.d.ts"},{"__symbol":39,"name":"PreloadAllModules","filePath":"/Users/AndrewStarr/Documents/vsCode/Personal Website/node_modules/@angular/router/router.d.ts"},{"__symbol":40,"name":"ɵa","filePath":"/Users/AndrewStarr/Documents/vsCode/Personal Website/node_modules/@angular/router/router.d.ts"},{"__symbol":41,"name":"ɵd","filePath":"/Users/AndrewStarr/Documents/vsCode/Personal Website/node_modules/@angular/router/router.d.ts"},{"__symbol":42,"name":"ɵc","filePath":"/Users/AndrewStarr/Documents/vsCode/Personal Website/node_modules/@angular/router/router.d.ts"},{"__symbol":43,"name":"PlatformLocation","filePath":"/Users/AndrewStarr/Documents/vsCode/Personal Website/node_modules/@angular/common/common.d.ts"},{"__symbol":44,"name":"APP_BASE_HREF","filePath":"/Users/AndrewStarr/Documents/vsCode/Personal Website/node_modules/@angular/common/common.d.ts"},{"__symbol":45,"name":"NgProbeToken","filePath":"/Users/AndrewStarr/Documents/vsCode/Personal Website/node_modules/@angular/core/core.d.ts"},{"__symbol":46,"name":"ɵb","filePath":"/Users/AndrewStarr/Documents/vsCode/Personal Website/node_modules/@angular/router/router.d.ts"},{"__symbol":47,"name":"ɵg","filePath":"/Users/AndrewStarr/Documents/vsCode/Personal Website/node_modules/@angular/router/router.d.ts"},{"__symbol":48,"name":"APP_INITIALIZER","filePath":"/Users/AndrewStarr/Documents/vsCode/Personal Website/node_modules/@angular/core/core.d.ts"},{"__symbol":49,"name":"ɵh","filePath":"/Users/AndrewStarr/Documents/vsCode/Personal Website/node_modules/@angular/router/router.d.ts"},{"__symbol":50,"name":"ROUTER_INITIALIZER","filePath":"/Users/AndrewStarr/Documents/vsCode/Personal Website/node_modules/@angular/router/router.d.ts"},{"__symbol":51,"name":"ɵi","filePath":"/Users/AndrewStarr/Documents/vsCode/Personal Website/node_modules/@angular/router/router.d.ts"},{"__symbol":52,"name":"APP_BOOTSTRAP_LISTENER","filePath":"/Users/AndrewStarr/Documents/vsCode/Personal Website/node_modules/@angular/core/core.d.ts"},{"__symbol":53,"name":"RouterModule","filePath":"/Users/AndrewStarr/Documents/vsCode/Personal Website/node_modules/@angular/router/router.d.ts"},{"__symbol":54,"name":"RouterOutlet","filePath":"/Users/AndrewStarr/Documents/vsCode/Personal Website/node_modules/@angular/router/router.d.ts"},{"__symbol":55,"name":"RouterLink","filePath":"/Users/AndrewStarr/Documents/vsCode/Personal Website/node_modules/@angular/router/router.d.ts"},{"__symbol":56,"name":"RouterLinkWithHref","filePath":"/Users/AndrewStarr/Documents/vsCode/Personal Website/node_modules/@angular/router/router.d.ts"},{"__symbol":57,"name":"RouterLinkActive","filePath":"/Users/AndrewStarr/Documents/vsCode/Personal Website/node_modules/@angular/router/router.d.ts"}]}