{"summaries":[{"symbol":{"__symbol":0,"members":[]},"metadata":{"__symbolic":"class"},"type":{"summaryKind":2,"type":{"reference":{"__symbol":0,"members":[]},"diDeps":[],"lifecycleHooks":[]},"entryComponents":[{"componentType":{"__symbol":1,"members":[]},"componentFactory":{"__symbol":2,"members":[]}},{"componentType":{"__symbol":3,"members":[]},"componentFactory":{"__symbol":4,"members":[]}},{"componentType":{"__symbol":5,"members":[]},"componentFactory":{"__symbol":6,"members":[]}},{"componentType":{"__symbol":7,"members":[]},"componentFactory":{"__symbol":8,"members":[]}},{"componentType":{"__symbol":9,"members":[]},"componentFactory":{"__symbol":10,"members":[]}},{"componentType":{"__symbol":11,"members":[]},"componentFactory":{"__symbol":12,"members":[]}},{"componentType":{"__symbol":13,"members":[]},"componentFactory":{"__symbol":14,"members":[]}},{"componentType":{"__symbol":15,"members":[]},"componentFactory":{"__symbol":16,"members":[]}},{"componentType":{"__symbol":17,"members":[]},"componentFactory":{"__symbol":18,"members":[]}}],"providers":[{"provider":{"token":{"identifier":{"reference":{"__symbol":19,"members":[]}}},"useClass":{"reference":{"__symbol":20,"members":[]},"diDeps":[{"isAttribute":false,"isHost":false,"isSelf":false,"isSkipSelf":false,"isOptional":false,"token":{"identifier":{"reference":{"__symbol":21,"members":[]}}}}],"lifecycleHooks":[]},"useFactory":null,"useExisting":null,"deps":[{"isAttribute":false,"isHost":false,"isSelf":false,"isSkipSelf":false,"isOptional":false,"token":{"identifier":{"reference":{"__symbol":21,"members":[]}}}}],"multi":false},"module":{"reference":{"__symbol":22,"members":[]},"diDeps":[],"lifecycleHooks":[]}},{"provider":{"token":{"identifier":{"reference":{"__symbol":23,"members":[]},"diDeps":[{"isAttribute":false,"isHost":false,"isSelf":false,"isSkipSelf":false,"isOptional":false,"token":{"identifier":{"reference":{"__symbol":24,"members":[]}}}},{"isAttribute":false,"isHost":false,"isSelf":false,"isSkipSelf":false,"isOptional":false,"token":{"identifier":{"reference":{"__symbol":25,"members":[]}}}},{"isAttribute":false,"isHost":false,"isSelf":false,"isSkipSelf":false,"isOptional":false,"token":{"identifier":{"reference":{"__symbol":26,"members":[]}}}},{"isAttribute":false,"isHost":false,"isSelf":false,"isSkipSelf":false,"isOptional":false,"token":{"identifier":{"reference":{"__symbol":27,"members":[]}}}},{"isAttribute":false,"isHost":false,"isSelf":false,"isSkipSelf":false,"isOptional":false,"token":{"identifier":{"reference":{"__symbol":28,"members":[]}}}},{"isAttribute":false,"isHost":false,"isSelf":false,"isSkipSelf":false,"isOptional":false,"token":{"identifier":{"reference":{"__symbol":29,"members":[]}}}}],"lifecycleHooks":[1]}},"useClass":{"reference":{"__symbol":23,"members":[]},"diDeps":[{"isAttribute":false,"isHost":false,"isSelf":false,"isSkipSelf":false,"isOptional":false,"token":{"identifier":{"reference":{"__symbol":24,"members":[]}}}},{"isAttribute":false,"isHost":false,"isSelf":false,"isSkipSelf":false,"isOptional":false,"token":{"identifier":{"reference":{"__symbol":25,"members":[]}}}},{"isAttribute":false,"isHost":false,"isSelf":false,"isSkipSelf":false,"isOptional":false,"token":{"identifier":{"reference":{"__symbol":26,"members":[]}}}},{"isAttribute":false,"isHost":false,"isSelf":false,"isSkipSelf":false,"isOptional":false,"token":{"identifier":{"reference":{"__symbol":27,"members":[]}}}},{"isAttribute":false,"isHost":false,"isSelf":false,"isSkipSelf":false,"isOptional":false,"token":{"identifier":{"reference":{"__symbol":28,"members":[]}}}},{"isAttribute":false,"isHost":false,"isSelf":false,"isSkipSelf":false,"isOptional":false,"token":{"identifier":{"reference":{"__symbol":29,"members":[]}}}}],"lifecycleHooks":[1]},"useFactory":null,"useExisting":null,"deps":[{"isAttribute":false,"isHost":false,"isSelf":false,"isSkipSelf":false,"isOptional":false,"token":{"identifier":{"reference":{"__symbol":24,"members":[]}}}},{"isAttribute":false,"isHost":false,"isSelf":false,"isSkipSelf":false,"isOptional":false,"token":{"identifier":{"reference":{"__symbol":25,"members":[]}}}},{"isAttribute":false,"isHost":false,"isSelf":false,"isSkipSelf":false,"isOptional":false,"token":{"identifier":{"reference":{"__symbol":26,"members":[]}}}},{"isAttribute":false,"isHost":false,"isSelf":false,"isSkipSelf":false,"isOptional":false,"token":{"identifier":{"reference":{"__symbol":27,"members":[]}}}},{"isAttribute":false,"isHost":false,"isSelf":false,"isSkipSelf":false,"isOptional":false,"token":{"identifier":{"reference":{"__symbol":28,"members":[]}}}},{"isAttribute":false,"isHost":false,"isSelf":false,"isSkipSelf":false,"isOptional":false,"token":{"identifier":{"reference":{"__symbol":29,"members":[]}}}}],"multi":false},"module":{"reference":{"__symbol":30,"members":[]},"diDeps":[{"isAttribute":false,"isHost":false,"isSelf":false,"isSkipSelf":false,"isOptional":false,"token":{"identifier":{"reference":{"__symbol":31,"members":[]}}}}],"lifecycleHooks":[]}},{"provider":{"token":{"identifier":{"reference":{"__symbol":31,"members":[]}}},"useClass":null,"useFactory":null,"useExisting":{"identifier":{"reference":{"__symbol":23,"members":[]}}},"multi":false},"module":{"reference":{"__symbol":30,"members":[]},"diDeps":[{"isAttribute":false,"isHost":false,"isSelf":false,"isSkipSelf":false,"isOptional":false,"token":{"identifier":{"reference":{"__symbol":31,"members":[]}}}}],"lifecycleHooks":[]}},{"provider":{"token":{"identifier":{"reference":{"__symbol":29,"members":[]},"diDeps":[{"isAttribute":false,"isHost":false,"isSelf":false,"isSkipSelf":false,"isOptional":true,"token":{"identifier":{"reference":{"__symbol":32,"members":[]}}}}],"lifecycleHooks":[]}},"useClass":{"reference":{"__symbol":29,"members":[]},"diDeps":[{"isAttribute":false,"isHost":false,"isSelf":false,"isSkipSelf":false,"isOptional":true,"token":{"identifier":{"reference":{"__symbol":32,"members":[]}}}}],"lifecycleHooks":[]},"useFactory":null,"useExisting":null,"deps":[{"isAttribute":false,"isHost":false,"isSelf":false,"isSkipSelf":false,"isOptional":true,"token":{"identifier":{"reference":{"__symbol":32,"members":[]}}}}],"multi":false},"module":{"reference":{"__symbol":30,"members":[]},"diDeps":[{"isAttribute":false,"isHost":false,"isSelf":false,"isSkipSelf":false,"isOptional":false,"token":{"identifier":{"reference":{"__symbol":31,"members":[]}}}}],"lifecycleHooks":[]}},{"provider":{"token":{"identifier":{"reference":{"__symbol":33,"members":[]},"diDeps":[],"lifecycleHooks":[]}},"useClass":{"reference":{"__symbol":33,"members":[]},"diDeps":[],"lifecycleHooks":[]},"useFactory":null,"useExisting":null,"deps":[],"multi":false},"module":{"reference":{"__symbol":30,"members":[]},"diDeps":[{"isAttribute":false,"isHost":false,"isSelf":false,"isSkipSelf":false,"isOptional":false,"token":{"identifier":{"reference":{"__symbol":31,"members":[]}}}}],"lifecycleHooks":[]}},{"provider":{"token":{"identifier":{"reference":{"__symbol":34,"members":[]}}},"useClass":null,"useFactory":{"reference":{"__symbol":35,"members":[]},"diDeps":[]},"useExisting":null,"deps":[],"multi":false},"module":{"reference":{"__symbol":30,"members":[]},"diDeps":[{"isAttribute":false,"isHost":false,"isSelf":false,"isSkipSelf":false,"isOptional":false,"token":{"identifier":{"reference":{"__symbol":31,"members":[]}}}}],"lifecycleHooks":[]}},{"provider":{"token":{"identifier":{"reference":{"__symbol":36,"members":[]}}},"useClass":null,"useFactory":{"reference":{"__symbol":37,"members":[]},"diDeps":[]},"useExisting":null,"deps":[],"multi":false},"module":{"reference":{"__symbol":30,"members":[]},"diDeps":[{"isAttribute":false,"isHost":false,"isSelf":false,"isSkipSelf":false,"isOptional":false,"token":{"identifier":{"reference":{"__symbol":31,"members":[]}}}}],"lifecycleHooks":[]}},{"provider":{"token":{"identifier":{"reference":{"__symbol":38,"members":[]}}},"useClass":null,"useFactory":{"reference":{"__symbol":39,"members":[]},"diDeps":[]},"useExisting":null,"deps":[],"multi":false},"module":{"reference":{"__symbol":30,"members":[]},"diDeps":[{"isAttribute":false,"isHost":false,"isSelf":false,"isSkipSelf":false,"isOptional":false,"token":{"identifier":{"reference":{"__symbol":31,"members":[]}}}}],"lifecycleHooks":[]}},{"provider":{"token":{"identifier":{"reference":{"__symbol":21,"members":[]}}},"useClass":null,"useFactory":{"reference":{"__symbol":40,"members":[]},"diDeps":[{"isAttribute":false,"isHost":false,"isSelf":false,"isSkipSelf":true,"isOptional":true,"token":{"identifier":{"reference":{"__symbol":21,"members":[]}}}}]},"useExisting":null,"deps":[{"isAttribute":false,"isHost":false,"isSelf":false,"isSkipSelf":true,"isOptional":true,"token":{"identifier":{"reference":{"__symbol":21,"members":[]}}}}],"multi":false},"module":{"reference":{"__symbol":30,"members":[]},"diDeps":[{"isAttribute":false,"isHost":false,"isSelf":false,"isSkipSelf":false,"isOptional":false,"token":{"identifier":{"reference":{"__symbol":31,"members":[]}}}}],"lifecycleHooks":[]}},{"provider":{"token":{"identifier":{"reference":{"__symbol":32,"members":[]}}},"useClass":null,"useValue":{"__symbol":41,"members":[]},"useFactory":null,"useExisting":null,"multi":true},"module":{"reference":{"__symbol":30,"members":[]},"diDeps":[{"isAttribute":false,"isHost":false,"isSelf":false,"isSkipSelf":false,"isOptional":false,"token":{"identifier":{"reference":{"__symbol":31,"members":[]}}}}],"lifecycleHooks":[]}},{"provider":{"token":{"identifier":{"reference":{"__symbol":42,"members":[]}}},"useClass":null,"useFactory":null,"useExisting":{"identifier":{"reference":{"__symbol":43,"members":[]}}},"multi":false},"module":{"reference":{"__symbol":44,"members":[]},"diDeps":[{"isAttribute":false,"isHost":false,"isSelf":false,"isSkipSelf":true,"isOptional":true,"token":{"identifier":{"reference":{"__symbol":44,"members":[]}}}}],"lifecycleHooks":[]}},{"provider":{"token":{"identifier":{"reference":{"__symbol":43,"members":[]}}},"useClass":{"reference":{"__symbol":45,"members":[]},"diDeps":[{"isAttribute":false,"isHost":false,"isSelf":false,"isSkipSelf":false,"isOptional":false,"token":{"identifier":{"reference":{"__symbol":46,"members":[]}}}}],"lifecycleHooks":[]},"useFactory":null,"useExisting":null,"deps":[{"isAttribute":false,"isHost":false,"isSelf":false,"isSkipSelf":false,"isOptional":false,"token":{"identifier":{"reference":{"__symbol":46,"members":[]}}}}],"multi":false},"module":{"reference":{"__symbol":44,"members":[]},"diDeps":[{"isAttribute":false,"isHost":false,"isSelf":false,"isSkipSelf":true,"isOptional":true,"token":{"identifier":{"reference":{"__symbol":44,"members":[]}}}}],"lifecycleHooks":[]}},{"provider":{"token":{"identifier":{"reference":{"__symbol":27,"members":[]}}},"useClass":null,"useFactory":{"reference":{"__symbol":47,"members":[]},"diDeps":[]},"useExisting":null,"deps":[],"multi":false},"module":{"reference":{"__symbol":44,"members":[]},"diDeps":[{"isAttribute":false,"isHost":false,"isSelf":false,"isSkipSelf":true,"isOptional":true,"token":{"identifier":{"reference":{"__symbol":44,"members":[]}}}}],"lifecycleHooks":[]}},{"provider":{"token":{"identifier":{"reference":{"__symbol":48,"members":[]}}},"useClass":{"reference":{"__symbol":49,"members":[]},"diDeps":[{"isAttribute":false,"isHost":false,"isSelf":false,"isSkipSelf":false,"isOptional":false,"token":{"identifier":{"reference":{"__symbol":46,"members":[]}}}}],"lifecycleHooks":[]},"useFactory":null,"useExisting":null,"deps":[{"isAttribute":false,"isHost":false,"isSelf":false,"isSkipSelf":false,"isOptional":false,"token":{"identifier":{"reference":{"__symbol":46,"members":[]}}}}],"multi":true},"module":{"reference":{"__symbol":44,"members":[]},"diDeps":[{"isAttribute":false,"isHost":false,"isSelf":false,"isSkipSelf":true,"isOptional":true,"token":{"identifier":{"reference":{"__symbol":44,"members":[]}}}}],"lifecycleHooks":[]}},{"provider":{"token":{"identifier":{"reference":{"__symbol":48,"members":[]}}},"useClass":{"reference":{"__symbol":50,"members":[]},"diDeps":[{"isAttribute":false,"isHost":false,"isSelf":false,"isSkipSelf":false,"isOptional":false,"token":{"identifier":{"reference":{"__symbol":46,"members":[]}}}}],"lifecycleHooks":[]},"useFactory":null,"useExisting":null,"deps":[{"isAttribute":false,"isHost":false,"isSelf":false,"isSkipSelf":false,"isOptional":false,"token":{"identifier":{"reference":{"__symbol":46,"members":[]}}}}],"multi":true},"module":{"reference":{"__symbol":44,"members":[]},"diDeps":[{"isAttribute":false,"isHost":false,"isSelf":false,"isSkipSelf":true,"isOptional":true,"token":{"identifier":{"reference":{"__symbol":44,"members":[]}}}}],"lifecycleHooks":[]}},{"provider":{"token":{"identifier":{"reference":{"__symbol":48,"members":[]}}},"useClass":{"reference":{"__symbol":51,"members":[]},"diDeps":[{"isAttribute":false,"isHost":false,"isSelf":false,"isSkipSelf":false,"isOptional":false,"token":{"identifier":{"reference":{"__symbol":46,"members":[]}}}},{"isAttribute":false,"isHost":false,"isSelf":false,"isSkipSelf":false,"isOptional":false,"token":{"identifier":{"reference":{"__symbol":52,"members":[]}}}}],"lifecycleHooks":[]},"useFactory":null,"useExisting":null,"deps":[{"isAttribute":false,"isHost":false,"isSelf":false,"isSkipSelf":false,"isOptional":false,"token":{"identifier":{"reference":{"__symbol":46,"members":[]}}}},{"isAttribute":false,"isHost":false,"isSelf":false,"isSkipSelf":false,"isOptional":false,"token":{"identifier":{"reference":{"__symbol":52,"members":[]}}}}],"multi":true},"module":{"reference":{"__symbol":44,"members":[]},"diDeps":[{"isAttribute":false,"isHost":false,"isSelf":false,"isSkipSelf":true,"isOptional":true,"token":{"identifier":{"reference":{"__symbol":44,"members":[]}}}}],"lifecycleHooks":[]}},{"provider":{"token":{"identifier":{"reference":{"__symbol":52,"members":[]}}},"useClass":{"reference":{"__symbol":53,"members":[]},"diDeps":[],"lifecycleHooks":[]},"useFactory":null,"useExisting":null,"deps":[],"multi":false},"module":{"reference":{"__symbol":44,"members":[]},"diDeps":[{"isAttribute":false,"isHost":false,"isSelf":false,"isSkipSelf":true,"isOptional":true,"token":{"identifier":{"reference":{"__symbol":44,"members":[]}}}}],"lifecycleHooks":[]}},{"provider":{"token":{"identifier":{"reference":{"__symbol":54,"members":[]},"diDeps":[{"isAttribute":false,"isHost":false,"isSelf":false,"isSkipSelf":false,"isOptional":false,"token":{"identifier":{"reference":{"__symbol":55,"members":[]}}}},{"isAttribute":false,"isHost":false,"isSelf":false,"isSkipSelf":false,"isOptional":false,"token":{"identifier":{"reference":{"__symbol":56,"members":[]}}}}],"lifecycleHooks":[]}},"useClass":{"reference":{"__symbol":54,"members":[]},"diDeps":[{"isAttribute":false,"isHost":false,"isSelf":false,"isSkipSelf":false,"isOptional":false,"token":{"identifier":{"reference":{"__symbol":55,"members":[]}}}},{"isAttribute":false,"isHost":false,"isSelf":false,"isSkipSelf":false,"isOptional":false,"token":{"identifier":{"reference":{"__symbol":56,"members":[]}}}}],"lifecycleHooks":[]},"useFactory":null,"useExisting":null,"deps":[{"isAttribute":false,"isHost":false,"isSelf":false,"isSkipSelf":false,"isOptional":false,"token":{"identifier":{"reference":{"__symbol":55,"members":[]}}}},{"isAttribute":false,"isHost":false,"isSelf":false,"isSkipSelf":false,"isOptional":false,"token":{"identifier":{"reference":{"__symbol":56,"members":[]}}}}],"multi":false},"module":{"reference":{"__symbol":44,"members":[]},"diDeps":[{"isAttribute":false,"isHost":false,"isSelf":false,"isSkipSelf":true,"isOptional":true,"token":{"identifier":{"reference":{"__symbol":44,"members":[]}}}}],"lifecycleHooks":[]}},{"provider":{"token":{"identifier":{"reference":{"__symbol":57,"members":[]}}},"useClass":null,"useFactory":null,"useExisting":{"identifier":{"reference":{"__symbol":54,"members":[]}}},"multi":false},"module":{"reference":{"__symbol":44,"members":[]},"diDeps":[{"isAttribute":false,"isHost":false,"isSelf":false,"isSkipSelf":true,"isOptional":true,"token":{"identifier":{"reference":{"__symbol":44,"members":[]}}}}],"lifecycleHooks":[]}},{"provider":{"token":{"identifier":{"reference":{"__symbol":58,"members":[]}}},"useClass":null,"useFactory":null,"useExisting":{"identifier":{"reference":{"__symbol":56,"members":[]}}},"multi":false},"module":{"reference":{"__symbol":44,"members":[]},"diDeps":[{"isAttribute":false,"isHost":false,"isSelf":false,"isSkipSelf":true,"isOptional":true,"token":{"identifier":{"reference":{"__symbol":44,"members":[]}}}}],"lifecycleHooks":[]}},{"provider":{"token":{"identifier":{"reference":{"__symbol":56,"members":[]},"diDeps":[{"isAttribute":false,"isHost":false,"isSelf":false,"isSkipSelf":false,"isOptional":false,"token":{"identifier":{"reference":{"__symbol":46,"members":[]}}}}],"lifecycleHooks":[1]}},"useClass":{"reference":{"__symbol":56,"members":[]},"diDeps":[{"isAttribute":false,"isHost":false,"isSelf":false,"isSkipSelf":false,"isOptional":false,"token":{"identifier":{"reference":{"__symbol":46,"members":[]}}}}],"lifecycleHooks":[1]},"useFactory":null,"useExisting":null,"deps":[{"isAttribute":false,"isHost":false,"isSelf":false,"isSkipSelf":false,"isOptional":false,"token":{"identifier":{"reference":{"__symbol":46,"members":[]}}}}],"multi":false},"module":{"reference":{"__symbol":44,"members":[]},"diDeps":[{"isAttribute":false,"isHost":false,"isSelf":false,"isSkipSelf":true,"isOptional":true,"token":{"identifier":{"reference":{"__symbol":44,"members":[]}}}}],"lifecycleHooks":[]}},{"provider":{"token":{"identifier":{"reference":{"__symbol":59,"members":[]},"diDeps":[{"isAttribute":false,"isHost":false,"isSelf":false,"isSkipSelf":false,"isOptional":false,"token":{"identifier":{"reference":{"__symbol":24,"members":[]}}}}],"lifecycleHooks":[]}},"useClass":{"reference":{"__symbol":59,"members":[]},"diDeps":[{"isAttribute":false,"isHost":false,"isSelf":false,"isSkipSelf":false,"isOptional":false,"token":{"identifier":{"reference":{"__symbol":24,"members":[]}}}}],"lifecycleHooks":[]},"useFactory":null,"useExisting":null,"deps":[{"isAttribute":false,"isHost":false,"isSelf":false,"isSkipSelf":false,"isOptional":false,"token":{"identifier":{"reference":{"__symbol":24,"members":[]}}}}],"multi":false},"module":{"reference":{"__symbol":44,"members":[]},"diDeps":[{"isAttribute":false,"isHost":false,"isSelf":false,"isSkipSelf":true,"isOptional":true,"token":{"identifier":{"reference":{"__symbol":44,"members":[]}}}}],"lifecycleHooks":[]}},{"provider":{"token":{"identifier":{"reference":{"__symbol":55,"members":[]},"diDeps":[{"isAttribute":false,"isHost":false,"isSelf":false,"isSkipSelf":false,"isOptional":false,"token":{"identifier":{"reference":{"__symbol":48,"members":[]}}}},{"isAttribute":false,"isHost":false,"isSelf":false,"isSkipSelf":false,"isOptional":false,"token":{"identifier":{"reference":{"__symbol":24,"members":[]}}}}],"lifecycleHooks":[]}},"useClass":{"reference":{"__symbol":55,"members":[]},"diDeps":[{"isAttribute":false,"isHost":false,"isSelf":false,"isSkipSelf":false,"isOptional":false,"token":{"identifier":{"reference":{"__symbol":48,"members":[]}}}},{"isAttribute":false,"isHost":false,"isSelf":false,"isSkipSelf":false,"isOptional":false,"token":{"identifier":{"reference":{"__symbol":24,"members":[]}}}}],"lifecycleHooks":[]},"useFactory":null,"useExisting":null,"deps":[{"isAttribute":false,"isHost":false,"isSelf":false,"isSkipSelf":false,"isOptional":false,"token":{"identifier":{"reference":{"__symbol":48,"members":[]}}}},{"isAttribute":false,"isHost":false,"isSelf":false,"isSkipSelf":false,"isOptional":false,"token":{"identifier":{"reference":{"__symbol":24,"members":[]}}}}],"multi":false},"module":{"reference":{"__symbol":44,"members":[]},"diDeps":[{"isAttribute":false,"isHost":false,"isSelf":false,"isSkipSelf":true,"isOptional":true,"token":{"identifier":{"reference":{"__symbol":44,"members":[]}}}}],"lifecycleHooks":[]}},{"provider":{"token":{"identifier":{"reference":{"__symbol":32,"members":[]}}},"useClass":null,"useFactory":{"reference":{"__symbol":60,"members":[]},"diDeps":[{"isAttribute":false,"isHost":false,"isSelf":false,"isSkipSelf":false,"isOptional":true,"token":{"identifier":{"reference":{"__symbol":61,"members":[]}}}},{"isAttribute":false,"isHost":false,"isSelf":false,"isSkipSelf":false,"isOptional":true,"token":{"identifier":{"reference":{"__symbol":62,"members":[]}}}}]},"useExisting":null,"deps":[{"isAttribute":false,"isHost":false,"isSelf":false,"isSkipSelf":false,"isOptional":true,"token":{"identifier":{"reference":{"__symbol":61,"members":[]}}}},{"isAttribute":false,"isHost":false,"isSelf":false,"isSkipSelf":false,"isOptional":true,"token":{"identifier":{"reference":{"__symbol":62,"members":[]}}}}],"multi":true},"module":{"reference":{"__symbol":44,"members":[]},"diDeps":[{"isAttribute":false,"isHost":false,"isSelf":false,"isSkipSelf":true,"isOptional":true,"token":{"identifier":{"reference":{"__symbol":44,"members":[]}}}}],"lifecycleHooks":[]}},{"provider":{"token":{"identifier":{"reference":{"__symbol":63,"members":[]},"diDeps":[{"isAttribute":false,"isHost":false,"isSelf":false,"isSkipSelf":false,"isOptional":false,"token":{"identifier":{"reference":{"__symbol":46,"members":[]}}}}],"lifecycleHooks":[]}},"useClass":{"reference":{"__symbol":63,"members":[]},"diDeps":[{"isAttribute":false,"isHost":false,"isSelf":false,"isSkipSelf":false,"isOptional":false,"token":{"identifier":{"reference":{"__symbol":46,"members":[]}}}}],"lifecycleHooks":[]},"useFactory":null,"useExisting":null,"deps":[{"isAttribute":false,"isHost":false,"isSelf":false,"isSkipSelf":false,"isOptional":false,"token":{"identifier":{"reference":{"__symbol":46,"members":[]}}}}],"multi":false},"module":{"reference":{"__symbol":44,"members":[]},"diDeps":[{"isAttribute":false,"isHost":false,"isSelf":false,"isSkipSelf":true,"isOptional":true,"token":{"identifier":{"reference":{"__symbol":44,"members":[]}}}}],"lifecycleHooks":[]}},{"provider":{"token":{"identifier":{"reference":{"__symbol":64,"members":[]},"diDeps":[{"isAttribute":false,"isHost":false,"isSelf":false,"isSkipSelf":false,"isOptional":false,"token":{"identifier":{"reference":{"__symbol":46,"members":[]}}}}],"lifecycleHooks":[]}},"useClass":{"reference":{"__symbol":64,"members":[]},"diDeps":[{"isAttribute":false,"isHost":false,"isSelf":false,"isSkipSelf":false,"isOptional":false,"token":{"identifier":{"reference":{"__symbol":46,"members":[]}}}}],"lifecycleHooks":[]},"useFactory":null,"useExisting":null,"deps":[{"isAttribute":false,"isHost":false,"isSelf":false,"isSkipSelf":false,"isOptional":false,"token":{"identifier":{"reference":{"__symbol":46,"members":[]}}}}],"multi":false},"module":{"reference":{"__symbol":44,"members":[]},"diDeps":[{"isAttribute":false,"isHost":false,"isSelf":false,"isSkipSelf":true,"isOptional":true,"token":{"identifier":{"reference":{"__symbol":44,"members":[]}}}}],"lifecycleHooks":[]}},{"provider":{"token":{"identifier":{"reference":{"__symbol":65,"members":[]},"diDeps":[{"isAttribute":false,"isHost":false,"isSelf":false,"isSkipSelf":false,"isOptional":false,"token":{"identifier":{"reference":{"__symbol":66,"members":[]}}}}],"lifecycleHooks":[]}},"useClass":{"reference":{"__symbol":65,"members":[]},"diDeps":[{"isAttribute":false,"isHost":false,"isSelf":false,"isSkipSelf":false,"isOptional":false,"token":{"identifier":{"reference":{"__symbol":66,"members":[]}}}}],"lifecycleHooks":[]},"useFactory":null,"useExisting":null,"deps":[{"isAttribute":false,"isHost":false,"isSelf":false,"isSkipSelf":false,"isOptional":false,"token":{"identifier":{"reference":{"__symbol":66,"members":[]}}}}],"multi":false},"module":{"reference":{"__symbol":67,"members":[]},"diDeps":[],"lifecycleHooks":[]}},{"provider":{"token":{"identifier":{"reference":{"__symbol":68,"members":[]}}},"useClass":{"reference":{"__symbol":69,"members":[]},"diDeps":[],"lifecycleHooks":[]},"useFactory":null,"useExisting":null,"deps":[],"multi":false},"module":{"reference":{"__symbol":67,"members":[]},"diDeps":[],"lifecycleHooks":[]}},{"provider":{"token":{"identifier":{"reference":{"__symbol":70,"members":[]}}},"useClass":null,"useFactory":{"reference":{"__symbol":71,"members":[]},"diDeps":[{"isAttribute":false,"isHost":false,"isSelf":false,"isSkipSelf":false,"isOptional":false,"token":{"identifier":{"reference":{"__symbol":31,"members":[]}}}},{"isAttribute":false,"isHost":false,"isSelf":false,"isSkipSelf":false,"isOptional":false,"token":{"identifier":{"reference":{"__symbol":68,"members":[]}}}},{"isAttribute":false,"isHost":false,"isSelf":false,"isSkipSelf":false,"isOptional":false,"token":{"identifier":{"reference":{"__symbol":72,"members":[]}}}},{"isAttribute":false,"isHost":false,"isSelf":false,"isSkipSelf":false,"isOptional":false,"token":{"identifier":{"reference":{"__symbol":65,"members":[]}}}},{"isAttribute":false,"isHost":false,"isSelf":false,"isSkipSelf":false,"isOptional":false,"token":{"identifier":{"reference":{"__symbol":26,"members":[]}}}},{"isAttribute":false,"isHost":false,"isSelf":false,"isSkipSelf":false,"isOptional":false,"token":{"identifier":{"reference":{"__symbol":73,"members":[]}}}},{"isAttribute":false,"isHost":false,"isSelf":false,"isSkipSelf":false,"isOptional":false,"token":{"identifier":{"reference":{"__symbol":33,"members":[]}}}},{"isAttribute":false,"isHost":false,"isSelf":false,"isSkipSelf":false,"isOptional":false,"token":{"identifier":{"reference":{"__symbol":74,"members":[]}}}},{"isAttribute":false,"isHost":false,"isSelf":false,"isSkipSelf":false,"isOptional":false,"token":{"identifier":{"reference":{"__symbol":75,"members":[]}}}},{"isAttribute":false,"isHost":false,"isSelf":false,"isSkipSelf":false,"isOptional":true,"token":{"identifier":{"reference":{"__symbol":76,"members":[]}}}},{"isAttribute":false,"isHost":false,"isSelf":false,"isSkipSelf":false,"isOptional":true,"token":{"identifier":{"reference":{"__symbol":77,"members":[]}}}}]},"useExisting":null,"deps":[{"isAttribute":false,"isHost":false,"isSelf":false,"isSkipSelf":false,"isOptional":false,"token":{"identifier":{"reference":{"__symbol":31,"members":[]}}}},{"isAttribute":false,"isHost":false,"isSelf":false,"isSkipSelf":false,"isOptional":false,"token":{"identifier":{"reference":{"__symbol":68,"members":[]}}}},{"isAttribute":false,"isHost":false,"isSelf":false,"isSkipSelf":false,"isOptional":false,"token":{"identifier":{"reference":{"__symbol":72,"members":[]}}}},{"isAttribute":false,"isHost":false,"isSelf":false,"isSkipSelf":false,"isOptional":false,"token":{"identifier":{"reference":{"__symbol":65,"members":[]}}}},{"isAttribute":false,"isHost":false,"isSelf":false,"isSkipSelf":false,"isOptional":false,"token":{"identifier":{"reference":{"__symbol":26,"members":[]}}}},{"isAttribute":false,"isHost":false,"isSelf":false,"isSkipSelf":false,"isOptional":false,"token":{"identifier":{"reference":{"__symbol":73,"members":[]}}}},{"isAttribute":false,"isHost":false,"isSelf":false,"isSkipSelf":false,"isOptional":false,"token":{"identifier":{"reference":{"__symbol":33,"members":[]}}}},{"isAttribute":false,"isHost":false,"isSelf":false,"isSkipSelf":false,"isOptional":false,"token":{"identifier":{"reference":{"__symbol":74,"members":[]}}}},{"isAttribute":false,"isHost":false,"isSelf":false,"isSkipSelf":false,"isOptional":false,"token":{"identifier":{"reference":{"__symbol":75,"members":[]}}}},{"isAttribute":false,"isHost":false,"isSelf":false,"isSkipSelf":false,"isOptional":true,"token":{"identifier":{"reference":{"__symbol":76,"members":[]}}}},{"isAttribute":false,"isHost":false,"isSelf":false,"isSkipSelf":false,"isOptional":true,"token":{"identifier":{"reference":{"__symbol":77,"members":[]}}}}],"multi":false},"module":{"reference":{"__symbol":67,"members":[]},"diDeps":[],"lifecycleHooks":[]}},{"provider":{"token":{"identifier":{"reference":{"__symbol":72,"members":[]},"diDeps":[],"lifecycleHooks":[]}},"useClass":{"reference":{"__symbol":72,"members":[]},"diDeps":[],"lifecycleHooks":[]},"useFactory":null,"useExisting":null,"deps":[],"multi":false},"module":{"reference":{"__symbol":67,"members":[]},"diDeps":[],"lifecycleHooks":[]}},{"provider":{"token":{"identifier":{"reference":{"__symbol":78,"members":[]}}},"useClass":null,"useFactory":{"reference":{"__symbol":79,"members":[]},"diDeps":[{"isAttribute":false,"isHost":false,"isSelf":false,"isSkipSelf":false,"isOptional":false,"token":{"identifier":{"reference":{"__symbol":70,"members":[]}}}}]},"useExisting":null,"deps":[{"isAttribute":false,"isHost":false,"isSelf":false,"isSkipSelf":false,"isOptional":false,"token":{"identifier":{"reference":{"__symbol":70,"members":[]}}}}],"multi":false},"module":{"reference":{"__symbol":67,"members":[]},"diDeps":[],"lifecycleHooks":[]}},{"provider":{"token":{"identifier":{"reference":{"__symbol":73,"members":[]}}},"useClass":{"reference":{"__symbol":80,"members":[]},"diDeps":[{"isAttribute":false,"isHost":false,"isSelf":false,"isSkipSelf":false,"isOptional":false,"token":{"identifier":{"reference":{"__symbol":33,"members":[]}}}},{"isAttribute":false,"isHost":false,"isSelf":false,"isSkipSelf":false,"isOptional":true,"token":{"identifier":{"reference":{"__symbol":81,"members":[]}}}}],"lifecycleHooks":[]},"useFactory":null,"useExisting":null,"deps":[{"isAttribute":false,"isHost":false,"isSelf":false,"isSkipSelf":false,"isOptional":false,"token":{"identifier":{"reference":{"__symbol":33,"members":[]}}}},{"isAttribute":false,"isHost":false,"isSelf":false,"isSkipSelf":false,"isOptional":true,"token":{"identifier":{"reference":{"__symbol":81,"members":[]}}}}],"multi":false},"module":{"reference":{"__symbol":67,"members":[]},"diDeps":[],"lifecycleHooks":[]}},{"provider":{"token":{"identifier":{"reference":{"__symbol":82,"members":[]},"diDeps":[{"isAttribute":false,"isHost":false,"isSelf":false,"isSkipSelf":false,"isOptional":false,"token":{"identifier":{"reference":{"__symbol":70,"members":[]}}}},{"isAttribute":false,"isHost":false,"isSelf":false,"isSkipSelf":false,"isOptional":false,"token":{"identifier":{"reference":{"__symbol":73,"members":[]}}}},{"isAttribute":false,"isHost":false,"isSelf":false,"isSkipSelf":false,"isOptional":false,"token":{"identifier":{"reference":{"__symbol":33,"members":[]}}}},{"isAttribute":false,"isHost":false,"isSelf":false,"isSkipSelf":false,"isOptional":false,"token":{"identifier":{"reference":{"__symbol":26,"members":[]}}}},{"isAttribute":false,"isHost":false,"isSelf":false,"isSkipSelf":false,"isOptional":false,"token":{"identifier":{"reference":{"__symbol":83,"members":[]}}}}],"lifecycleHooks":[1]}},"useClass":{"reference":{"__symbol":82,"members":[]},"diDeps":[{"isAttribute":false,"isHost":false,"isSelf":false,"isSkipSelf":false,"isOptional":false,"token":{"identifier":{"reference":{"__symbol":70,"members":[]}}}},{"isAttribute":false,"isHost":false,"isSelf":false,"isSkipSelf":false,"isOptional":false,"token":{"identifier":{"reference":{"__symbol":73,"members":[]}}}},{"isAttribute":false,"isHost":false,"isSelf":false,"isSkipSelf":false,"isOptional":false,"token":{"identifier":{"reference":{"__symbol":33,"members":[]}}}},{"isAttribute":false,"isHost":false,"isSelf":false,"isSkipSelf":false,"isOptional":false,"token":{"identifier":{"reference":{"__symbol":26,"members":[]}}}},{"isAttribute":false,"isHost":false,"isSelf":false,"isSkipSelf":false,"isOptional":false,"token":{"identifier":{"reference":{"__symbol":83,"members":[]}}}}],"lifecycleHooks":[1]},"useFactory":null,"useExisting":null,"deps":[{"isAttribute":false,"isHost":false,"isSelf":false,"isSkipSelf":false,"isOptional":false,"token":{"identifier":{"reference":{"__symbol":70,"members":[]}}}},{"isAttribute":false,"isHost":false,"isSelf":false,"isSkipSelf":false,"isOptional":false,"token":{"identifier":{"reference":{"__symbol":73,"members":[]}}}},{"isAttribute":false,"isHost":false,"isSelf":false,"isSkipSelf":false,"isOptional":false,"token":{"identifier":{"reference":{"__symbol":33,"members":[]}}}},{"isAttribute":false,"isHost":false,"isSelf":false,"isSkipSelf":false,"isOptional":false,"token":{"identifier":{"reference":{"__symbol":26,"members":[]}}}},{"isAttribute":false,"isHost":false,"isSelf":false,"isSkipSelf":false,"isOptional":false,"token":{"identifier":{"reference":{"__symbol":83,"members":[]}}}}],"multi":false},"module":{"reference":{"__symbol":67,"members":[]},"diDeps":[],"lifecycleHooks":[]}},{"provider":{"token":{"identifier":{"reference":{"__symbol":84,"members":[]},"diDeps":[],"lifecycleHooks":[]}},"useClass":{"reference":{"__symbol":84,"members":[]},"diDeps":[],"lifecycleHooks":[]},"useFactory":null,"useExisting":null,"deps":[],"multi":false},"module":{"reference":{"__symbol":67,"members":[]},"diDeps":[],"lifecycleHooks":[]}},{"provider":{"token":{"identifier":{"reference":{"__symbol":85,"members":[]},"diDeps":[],"lifecycleHooks":[]}},"useClass":{"reference":{"__symbol":85,"members":[]},"diDeps":[],"lifecycleHooks":[]},"useFactory":null,"useExisting":null,"deps":[],"multi":false},"module":{"reference":{"__symbol":67,"members":[]},"diDeps":[],"lifecycleHooks":[]}},{"provider":{"token":{"identifier":{"reference":{"__symbol":75,"members":[]}}},"useClass":null,"useValue":{"enableTracing":false},"useFactory":null,"useExisting":null,"multi":false},"module":{"reference":{"__symbol":67,"members":[]},"diDeps":[],"lifecycleHooks":[]}},{"provider":{"token":{"identifier":{"reference":{"__symbol":74,"members":[]}}},"useClass":null,"useValue":[{"path":"","redirectTo":"/Home","pathMatch":"full"},{"path":"Home","component":{"__symbol":1,"members":[]}},{"path":"AboutMe","component":{"__symbol":3,"members":[]}},{"path":"Education","component":{"__symbol":5,"members":[]}},{"path":"WorkExperience","component":{"__symbol":7,"members":[]}},{"path":"WorkSamples","component":{"__symbol":9,"members":[]}},{"path":"JobDetails/:id","component":{"__symbol":11,"members":[]}},{"path":"ProjectDetails/:id","component":{"__symbol":13,"members":[]}},{"path":"CollegeDetails/:id","component":{"__symbol":15,"members":[]}},{"path":"**","redirectTo":"/Home","pathMatch":"full"}],"useFactory":null,"useExisting":null,"multi":true},"module":{"reference":{"__symbol":67,"members":[]},"diDeps":[],"lifecycleHooks":[]}},{"provider":{"token":{"identifier":{"reference":{"__symbol":86,"members":[]}}},"useClass":null,"useFactory":{"reference":{"__symbol":87,"members":[]},"diDeps":[{"isAttribute":false,"isHost":false,"isSelf":false,"isSkipSelf":true,"isOptional":true,"token":{"identifier":{"reference":{"__symbol":70,"members":[]}}}}]},"useExisting":null,"deps":[{"isAttribute":false,"isHost":false,"isSelf":false,"isSkipSelf":true,"isOptional":true,"token":{"identifier":{"reference":{"__symbol":70,"members":[]}}}}],"multi":false},"module":{"reference":{"__symbol":67,"members":[]},"diDeps":[],"lifecycleHooks":[]}},{"provider":{"token":{"identifier":{"reference":{"__symbol":75,"members":[]}}},"useClass":null,"useValue":{},"useFactory":null,"useExisting":null,"multi":false},"module":{"reference":{"__symbol":67,"members":[]},"diDeps":[],"lifecycleHooks":[]}},{"provider":{"token":{"identifier":{"reference":{"__symbol":66,"members":[]}}},"useClass":null,"useFactory":{"reference":{"__symbol":88,"members":[]},"diDeps":[{"isAttribute":false,"isHost":false,"isSelf":false,"isSkipSelf":false,"isOptional":false,"token":{"identifier":{"reference":{"__symbol":89,"members":[]}}}},{"isAttribute":false,"isHost":false,"isSelf":false,"isSkipSelf":false,"isOptional":true,"token":{"identifier":{"reference":{"__symbol":90,"members":[]}}}},{"isAttribute":false,"isHost":false,"isSelf":false,"isSkipSelf":false,"isOptional":false,"token":{"identifier":{"reference":{"__symbol":75,"members":[]}}}}]},"useExisting":null,"deps":[{"isAttribute":false,"isHost":false,"isSelf":false,"isSkipSelf":false,"isOptional":false,"token":{"identifier":{"reference":{"__symbol":89,"members":[]}}}},{"isAttribute":false,"isHost":false,"isSelf":false,"isSkipSelf":false,"isOptional":true,"token":{"identifier":{"reference":{"__symbol":90,"members":[]}}}},{"isAttribute":false,"isHost":false,"isSelf":false,"isSkipSelf":false,"isOptional":false,"token":{"identifier":{"reference":{"__symbol":75,"members":[]}}}}],"multi":false},"module":{"reference":{"__symbol":67,"members":[]},"diDeps":[],"lifecycleHooks":[]}},{"provider":{"token":{"identifier":{"reference":{"__symbol":83,"members":[]}}},"useClass":null,"useFactory":null,"useExisting":{"identifier":{"reference":{"__symbol":84,"members":[]}}},"multi":false},"module":{"reference":{"__symbol":67,"members":[]},"diDeps":[],"lifecycleHooks":[]}},{"provider":{"token":{"identifier":{"reference":{"__symbol":62,"members":[]}}},"useClass":null,"useFactory":{"reference":{"__symbol":91,"members":[]},"diDeps":[]},"useExisting":null,"deps":[],"multi":true},"module":{"reference":{"__symbol":67,"members":[]},"diDeps":[],"lifecycleHooks":[]}},{"provider":{"token":{"identifier":{"reference":{"__symbol":92,"members":[]},"diDeps":[{"isAttribute":false,"isHost":false,"isSelf":false,"isSkipSelf":false,"isOptional":false,"token":{"identifier":{"reference":{"__symbol":26,"members":[]}}}}],"lifecycleHooks":[]}},"useClass":{"reference":{"__symbol":92,"members":[]},"diDeps":[{"isAttribute":false,"isHost":false,"isSelf":false,"isSkipSelf":false,"isOptional":false,"token":{"identifier":{"reference":{"__symbol":26,"members":[]}}}}],"lifecycleHooks":[]},"useFactory":null,"useExisting":null,"deps":[{"isAttribute":false,"isHost":false,"isSelf":false,"isSkipSelf":false,"isOptional":false,"token":{"identifier":{"reference":{"__symbol":26,"members":[]}}}}],"multi":false},"module":{"reference":{"__symbol":67,"members":[]},"diDeps":[],"lifecycleHooks":[]}},{"provider":{"token":{"identifier":{"reference":{"__symbol":32,"members":[]}}},"useClass":null,"useFactory":{"reference":{"__symbol":93,"members":[]},"diDeps":[{"isAttribute":false,"isHost":false,"isSelf":false,"isSkipSelf":false,"isOptional":false,"token":{"identifier":{"reference":{"__symbol":92,"members":[]}}}}]},"useExisting":null,"deps":[{"isAttribute":false,"isHost":false,"isSelf":false,"isSkipSelf":false,"isOptional":false,"token":{"identifier":{"reference":{"__symbol":92,"members":[]}}}}],"multi":true},"module":{"reference":{"__symbol":67,"members":[]},"diDeps":[],"lifecycleHooks":[]}},{"provider":{"token":{"identifier":{"reference":{"__symbol":94,"members":[]}}},"useClass":null,"useFactory":{"reference":{"__symbol":95,"members":[]},"diDeps":[{"isAttribute":false,"isHost":false,"isSelf":false,"isSkipSelf":false,"isOptional":false,"token":{"identifier":{"reference":{"__symbol":92,"members":[]}}}}]},"useExisting":null,"deps":[{"isAttribute":false,"isHost":false,"isSelf":false,"isSkipSelf":false,"isOptional":false,"token":{"identifier":{"reference":{"__symbol":92,"members":[]}}}}],"multi":false},"module":{"reference":{"__symbol":67,"members":[]},"diDeps":[],"lifecycleHooks":[]}},{"provider":{"token":{"identifier":{"reference":{"__symbol":96,"members":[]}}},"useClass":null,"useFactory":null,"useExisting":{"identifier":{"reference":{"__symbol":94,"members":[]}}},"multi":true},"module":{"reference":{"__symbol":67,"members":[]},"diDeps":[],"lifecycleHooks":[]}},{"provider":{"token":{"identifier":{"reference":{"__symbol":97,"members":[]},"diDeps":[],"lifecycleHooks":[]}},"useClass":{"reference":{"__symbol":97,"members":[]},"diDeps":[],"lifecycleHooks":[]},"useFactory":null,"useExisting":null,"deps":[],"multi":false},"module":{"reference":{"__symbol":98,"members":[]},"diDeps":[],"lifecycleHooks":[]}},{"provider":{"token":{"identifier":{"reference":{"__symbol":99,"members":[]},"diDeps":[],"lifecycleHooks":[]}},"useClass":{"reference":{"__symbol":99,"members":[]},"diDeps":[],"lifecycleHooks":[]},"useFactory":null,"useExisting":null,"deps":[],"multi":false},"module":{"reference":{"__symbol":0,"members":[]},"diDeps":[],"lifecycleHooks":[]}},{"provider":{"token":{"identifier":{"reference":{"__symbol":100,"members":[]},"diDeps":[],"lifecycleHooks":[]}},"useClass":{"reference":{"__symbol":100,"members":[]},"diDeps":[],"lifecycleHooks":[]},"useFactory":null,"useExisting":null,"deps":[],"multi":false},"module":{"reference":{"__symbol":0,"members":[]},"diDeps":[],"lifecycleHooks":[]}},{"provider":{"token":{"identifier":{"reference":{"__symbol":101,"members":[]},"diDeps":[],"lifecycleHooks":[]}},"useClass":{"reference":{"__symbol":101,"members":[]},"diDeps":[],"lifecycleHooks":[]},"useFactory":null,"useExisting":null,"deps":[],"multi":false},"module":{"reference":{"__symbol":0,"members":[]},"diDeps":[],"lifecycleHooks":[]}},{"provider":{"token":{"identifier":{"reference":{"__symbol":102,"members":[]},"diDeps":[{"isAttribute":false,"isHost":false,"isSelf":false,"isSkipSelf":false,"isOptional":false,"token":{"identifier":{"reference":{"__symbol":46,"members":[]}}}}],"lifecycleHooks":[]}},"useClass":{"reference":{"__symbol":102,"members":[]},"diDeps":[{"isAttribute":false,"isHost":false,"isSelf":false,"isSkipSelf":false,"isOptional":false,"token":{"identifier":{"reference":{"__symbol":46,"members":[]}}}}],"lifecycleHooks":[]},"useFactory":null,"useExisting":null,"deps":[{"isAttribute":false,"isHost":false,"isSelf":false,"isSkipSelf":false,"isOptional":false,"token":{"identifier":{"reference":{"__symbol":46,"members":[]}}}}],"multi":false},"module":{"reference":{"__symbol":0,"members":[]},"diDeps":[],"lifecycleHooks":[]}},{"provider":{"token":{"identifier":{"reference":{"__symbol":103,"members":[]},"diDeps":[{"isAttribute":false,"isHost":false,"isSelf":false,"isSkipSelf":false,"isOptional":false,"token":{"identifier":{"reference":{"__symbol":46,"members":[]}}}}],"lifecycleHooks":[]}},"useClass":{"reference":{"__symbol":103,"members":[]},"diDeps":[{"isAttribute":false,"isHost":false,"isSelf":false,"isSkipSelf":false,"isOptional":false,"token":{"identifier":{"reference":{"__symbol":46,"members":[]}}}}],"lifecycleHooks":[]},"useFactory":null,"useExisting":null,"deps":[{"isAttribute":false,"isHost":false,"isSelf":false,"isSkipSelf":false,"isOptional":false,"token":{"identifier":{"reference":{"__symbol":46,"members":[]}}}}],"multi":false},"module":{"reference":{"__symbol":0,"members":[]},"diDeps":[],"lifecycleHooks":[]}}],"modules":[{"reference":{"__symbol":22,"members":[]},"diDeps":[],"lifecycleHooks":[]},{"reference":{"__symbol":30,"members":[]},"diDeps":[{"isAttribute":false,"isHost":false,"isSelf":false,"isSkipSelf":false,"isOptional":false,"token":{"identifier":{"reference":{"__symbol":31,"members":[]}}}}],"lifecycleHooks":[]},{"reference":{"__symbol":44,"members":[]},"diDeps":[{"isAttribute":false,"isHost":false,"isSelf":false,"isSkipSelf":true,"isOptional":true,"token":{"identifier":{"reference":{"__symbol":44,"members":[]}}}}],"lifecycleHooks":[]},{"reference":{"__symbol":104,"members":[]},"diDeps":[{"isAttribute":false,"isHost":false,"isSelf":false,"isSkipSelf":false,"isOptional":true,"token":{"identifier":{"reference":{"__symbol":86,"members":[]}}}},{"isAttribute":false,"isHost":false,"isSelf":false,"isSkipSelf":false,"isOptional":true,"token":{"identifier":{"reference":{"__symbol":70,"members":[]}}}}],"lifecycleHooks":[]},{"reference":{"__symbol":67,"members":[]},"diDeps":[],"lifecycleHooks":[]},{"reference":{"__symbol":105,"members":[]},"diDeps":[],"lifecycleHooks":[]},{"reference":{"__symbol":98,"members":[]},"diDeps":[],"lifecycleHooks":[]},{"reference":{"__symbol":0,"members":[]},"diDeps":[],"lifecycleHooks":[]}],"exportedDirectives":[],"exportedPipes":[]}}],"symbols":[{"__symbol":0,"name":"AppModule","filePath":"/Users/AndrewStarr/Documents/vsCode/Personal Website/src/app/modules/app.module.d.ts"},{"__symbol":1,"name":"HomeComponent","filePath":"/Users/AndrewStarr/Documents/vsCode/Personal Website/src/app/components/home.component.d.ts"},{"__symbol":2,"name":"HomeComponentNgFactory","filePath":"/Users/AndrewStarr/Documents/vsCode/Personal Website/src/app/components/home.component.ngfactory.d.ts"},{"__symbol":3,"name":"AboutMeComponent","filePath":"/Users/AndrewStarr/Documents/vsCode/Personal Website/src/app/components/about-me.component.d.ts"},{"__symbol":4,"name":"AboutMeComponentNgFactory","filePath":"/Users/AndrewStarr/Documents/vsCode/Personal Website/src/app/components/about-me.component.ngfactory.d.ts"},{"__symbol":5,"name":"EducationComponent","filePath":"/Users/AndrewStarr/Documents/vsCode/Personal Website/src/app/components/education.component.d.ts"},{"__symbol":6,"name":"EducationComponentNgFactory","filePath":"/Users/AndrewStarr/Documents/vsCode/Personal Website/src/app/components/education.component.ngfactory.d.ts"},{"__symbol":7,"name":"WorkExperienceComponent","filePath":"/Users/AndrewStarr/Documents/vsCode/Personal Website/src/app/components/work-experience.component.d.ts"},{"__symbol":8,"name":"WorkExperienceComponentNgFactory","filePath":"/Users/AndrewStarr/Documents/vsCode/Personal Website/src/app/components/work-experience.component.ngfactory.d.ts"},{"__symbol":9,"name":"WorkSamplesComponent","filePath":"/Users/AndrewStarr/Documents/vsCode/Personal Website/src/app/components/work-samples.component.d.ts"},{"__symbol":10,"name":"WorkSamplesComponentNgFactory","filePath":"/Users/AndrewStarr/Documents/vsCode/Personal Website/src/app/components/work-samples.component.ngfactory.d.ts"},{"__symbol":11,"name":"JobDetailsComponent","filePath":"/Users/AndrewStarr/Documents/vsCode/Personal Website/src/app/components/job-details.component.d.ts"},{"__symbol":12,"name":"JobDetailsComponentNgFactory","filePath":"/Users/AndrewStarr/Documents/vsCode/Personal Website/src/app/components/job-details.component.ngfactory.d.ts"},{"__symbol":13,"name":"ProjectDetailsComponent","filePath":"/Users/AndrewStarr/Documents/vsCode/Personal Website/src/app/components/project-details.component.d.ts"},{"__symbol":14,"name":"ProjectDetailsComponentNgFactory","filePath":"/Users/AndrewStarr/Documents/vsCode/Personal Website/src/app/components/project-details.component.ngfactory.d.ts"},{"__symbol":15,"name":"CollegeDetailsComponent","filePath":"/Users/AndrewStarr/Documents/vsCode/Personal Website/src/app/components/college-details.component.d.ts"},{"__symbol":16,"name":"CollegeDetailsComponentNgFactory","filePath":"/Users/AndrewStarr/Documents/vsCode/Personal Website/src/app/components/college-details.component.ngfactory.d.ts"},{"__symbol":17,"name":"AppComponent","filePath":"/Users/AndrewStarr/Documents/vsCode/Personal Website/src/app/components/app.component.d.ts"},{"__symbol":18,"name":"AppComponentNgFactory","filePath":"/Users/AndrewStarr/Documents/vsCode/Personal Website/src/app/components/app.component.ngfactory.d.ts"},{"__symbol":19,"name":"NgLocalization","filePath":"/Users/AndrewStarr/Documents/vsCode/Personal Website/node_modules/@angular/common/common.d.ts"},{"__symbol":20,"name":"NgLocaleLocalization","filePath":"/Users/AndrewStarr/Documents/vsCode/Personal Website/node_modules/@angular/common/common.d.ts"},{"__symbol":21,"name":"LOCALE_ID","filePath":"/Users/AndrewStarr/Documents/vsCode/Personal Website/node_modules/@angular/core/core.d.ts"},{"__symbol":22,"name":"CommonModule","filePath":"/Users/AndrewStarr/Documents/vsCode/Personal Website/node_modules/@angular/common/common.d.ts"},{"__symbol":23,"name":"ɵf","filePath":"/Users/AndrewStarr/Documents/vsCode/Personal Website/node_modules/@angular/core/core.d.ts"},{"__symbol":24,"name":"NgZone","filePath":"/Users/AndrewStarr/Documents/vsCode/Personal Website/node_modules/@angular/core/core.d.ts"},{"__symbol":25,"name":"ɵConsole","filePath":"/Users/AndrewStarr/Documents/vsCode/Personal Website/node_modules/@angular/core/core.d.ts"},{"__symbol":26,"name":"Injector","filePath":"/Users/AndrewStarr/Documents/vsCode/Personal Website/node_modules/@angular/core/core.d.ts"},{"__symbol":27,"name":"ErrorHandler","filePath":"/Users/AndrewStarr/Documents/vsCode/Personal Website/node_modules/@angular/core/core.d.ts"},{"__symbol":28,"name":"ComponentFactoryResolver","filePath":"/Users/AndrewStarr/Documents/vsCode/Personal Website/node_modules/@angular/core/core.d.ts"},{"__symbol":29,"name":"ApplicationInitStatus","filePath":"/Users/AndrewStarr/Documents/vsCode/Personal Website/node_modules/@angular/core/core.d.ts"},{"__symbol":30,"name":"ApplicationModule","filePath":"/Users/AndrewStarr/Documents/vsCode/Personal Website/node_modules/@angular/core/core.d.ts"},{"__symbol":31,"name":"ApplicationRef","filePath":"/Users/AndrewStarr/Documents/vsCode/Personal Website/node_modules/@angular/core/core.d.ts"},{"__symbol":32,"name":"APP_INITIALIZER","filePath":"/Users/AndrewStarr/Documents/vsCode/Personal Website/node_modules/@angular/core/core.d.ts"},{"__symbol":33,"name":"Compiler","filePath":"/Users/AndrewStarr/Documents/vsCode/Personal Website/node_modules/@angular/core/core.d.ts"},{"__symbol":34,"name":"APP_ID","filePath":"/Users/AndrewStarr/Documents/vsCode/Personal Website/node_modules/@angular/core/core.d.ts"},{"__symbol":35,"name":"ɵg","filePath":"/Users/AndrewStarr/Documents/vsCode/Personal Website/node_modules/@angular/core/core.d.ts"},{"__symbol":36,"name":"IterableDiffers","filePath":"/Users/AndrewStarr/Documents/vsCode/Personal Website/node_modules/@angular/core/core.d.ts"},{"__symbol":37,"name":"ɵl","filePath":"/Users/AndrewStarr/Documents/vsCode/Personal Website/node_modules/@angular/core/core.d.ts"},{"__symbol":38,"name":"KeyValueDiffers","filePath":"/Users/AndrewStarr/Documents/vsCode/Personal Website/node_modules/@angular/core/core.d.ts"},{"__symbol":39,"name":"ɵm","filePath":"/Users/AndrewStarr/Documents/vsCode/Personal Website/node_modules/@angular/core/core.d.ts"},{"__symbol":40,"name":"ɵn","filePath":"/Users/AndrewStarr/Documents/vsCode/Personal Website/node_modules/@angular/core/core.d.ts"},{"__symbol":41,"name":"ɵo","filePath":"/Users/AndrewStarr/Documents/vsCode/Personal Website/node_modules/@angular/core/core.d.ts"},{"__symbol":42,"name":"Sanitizer","filePath":"/Users/AndrewStarr/Documents/vsCode/Personal Website/node_modules/@angular/core/core.d.ts"},{"__symbol":43,"name":"DomSanitizer","filePath":"/Users/AndrewStarr/Documents/vsCode/Personal Website/node_modules/@angular/platform-browser/platform-browser.d.ts"},{"__symbol":44,"name":"BrowserModule","filePath":"/Users/AndrewStarr/Documents/vsCode/Personal Website/node_modules/@angular/platform-browser/platform-browser.d.ts"},{"__symbol":45,"name":"ɵe","filePath":"/Users/AndrewStarr/Documents/vsCode/Personal Website/node_modules/@angular/platform-browser/platform-browser.d.ts"},{"__symbol":46,"name":"DOCUMENT","filePath":"/Users/AndrewStarr/Documents/vsCode/Personal Website/node_modules/@angular/platform-browser/platform-browser.d.ts"},{"__symbol":47,"name":"ɵa","filePath":"/Users/AndrewStarr/Documents/vsCode/Personal Website/node_modules/@angular/platform-browser/platform-browser.d.ts"},{"__symbol":48,"name":"EVENT_MANAGER_PLUGINS","filePath":"/Users/AndrewStarr/Documents/vsCode/Personal Website/node_modules/@angular/platform-browser/platform-browser.d.ts"},{"__symbol":49,"name":"ɵDomEventsPlugin","filePath":"/Users/AndrewStarr/Documents/vsCode/Personal Website/node_modules/@angular/platform-browser/platform-browser.d.ts"},{"__symbol":50,"name":"ɵKeyEventsPlugin","filePath":"/Users/AndrewStarr/Documents/vsCode/Personal Website/node_modules/@angular/platform-browser/platform-browser.d.ts"},{"__symbol":51,"name":"ɵHammerGesturesPlugin","filePath":"/Users/AndrewStarr/Documents/vsCode/Personal Website/node_modules/@angular/platform-browser/platform-browser.d.ts"},{"__symbol":52,"name":"HAMMER_GESTURE_CONFIG","filePath":"/Users/AndrewStarr/Documents/vsCode/Personal Website/node_modules/@angular/platform-browser/platform-browser.d.ts"},{"__symbol":53,"name":"HammerGestureConfig","filePath":"/Users/AndrewStarr/Documents/vsCode/Personal Website/node_modules/@angular/platform-browser/platform-browser.d.ts"},{"__symbol":54,"name":"ɵDomRendererFactory2","filePath":"/Users/AndrewStarr/Documents/vsCode/Personal Website/node_modules/@angular/platform-browser/platform-browser.d.ts"},{"__symbol":55,"name":"EventManager","filePath":"/Users/AndrewStarr/Documents/vsCode/Personal Website/node_modules/@angular/platform-browser/platform-browser.d.ts"},{"__symbol":56,"name":"ɵDomSharedStylesHost","filePath":"/Users/AndrewStarr/Documents/vsCode/Personal Website/node_modules/@angular/platform-browser/platform-browser.d.ts"},{"__symbol":57,"name":"RendererFactory2","filePath":"/Users/AndrewStarr/Documents/vsCode/Personal Website/node_modules/@angular/core/core.d.ts"},{"__symbol":58,"name":"ɵSharedStylesHost","filePath":"/Users/AndrewStarr/Documents/vsCode/Personal Website/node_modules/@angular/platform-browser/platform-browser.d.ts"},{"__symbol":59,"name":"Testability","filePath":"/Users/AndrewStarr/Documents/vsCode/Personal Website/node_modules/@angular/core/core.d.ts"},{"__symbol":60,"name":"ɵc","filePath":"/Users/AndrewStarr/Documents/vsCode/Personal Website/node_modules/@angular/platform-browser/platform-browser.d.ts"},{"__symbol":61,"name":"NgProbeToken","filePath":"/Users/AndrewStarr/Documents/vsCode/Personal Website/node_modules/@angular/platform-browser/platform-browser.d.ts"},{"__symbol":62,"name":"NgProbeToken","filePath":"/Users/AndrewStarr/Documents/vsCode/Personal Website/node_modules/@angular/core/core.d.ts"},{"__symbol":63,"name":"Meta","filePath":"/Users/AndrewStarr/Documents/vsCode/Personal Website/node_modules/@angular/platform-browser/platform-browser.d.ts"},{"__symbol":64,"name":"Title","filePath":"/Users/AndrewStarr/Documents/vsCode/Personal Website/node_modules/@angular/platform-browser/platform-browser.d.ts"},{"__symbol":65,"name":"Location","filePath":"/Users/AndrewStarr/Documents/vsCode/Personal Website/node_modules/@angular/common/common.d.ts"},{"__symbol":66,"name":"LocationStrategy","filePath":"/Users/AndrewStarr/Documents/vsCode/Personal Website/node_modules/@angular/common/common.d.ts"},{"__symbol":67,"name":"AppRoutingModule","filePath":"/Users/AndrewStarr/Documents/vsCode/Personal Website/src/app/modules/app-routing.module.d.ts"},{"__symbol":68,"name":"UrlSerializer","filePath":"/Users/AndrewStarr/Documents/vsCode/Personal Website/node_modules/@angular/router/router.d.ts"},{"__symbol":69,"name":"DefaultUrlSerializer","filePath":"/Users/AndrewStarr/Documents/vsCode/Personal Website/node_modules/@angular/router/router.d.ts"},{"__symbol":70,"name":"Router","filePath":"/Users/AndrewStarr/Documents/vsCode/Personal Website/node_modules/@angular/router/router.d.ts"},{"__symbol":71,"name":"ɵe","filePath":"/Users/AndrewStarr/Documents/vsCode/Personal Website/node_modules/@angular/router/router.d.ts"},{"__symbol":72,"name":"RouterOutletMap","filePath":"/Users/AndrewStarr/Documents/vsCode/Personal Website/node_modules/@angular/router/router.d.ts"},{"__symbol":73,"name":"NgModuleFactoryLoader","filePath":"/Users/AndrewStarr/Documents/vsCode/Personal Website/node_modules/@angular/core/core.d.ts"},{"__symbol":74,"name":"ROUTES","filePath":"/Users/AndrewStarr/Documents/vsCode/Personal Website/node_modules/@angular/router/router.d.ts"},{"__symbol":75,"name":"ROUTER_CONFIGURATION","filePath":"/Users/AndrewStarr/Documents/vsCode/Personal Website/node_modules/@angular/router/router.d.ts"},{"__symbol":76,"name":"UrlHandlingStrategy","filePath":"/Users/AndrewStarr/Documents/vsCode/Personal Website/node_modules/@angular/router/router.d.ts"},{"__symbol":77,"name":"RouteReuseStrategy","filePath":"/Users/AndrewStarr/Documents/vsCode/Personal Website/node_modules/@angular/router/router.d.ts"},{"__symbol":78,"name":"ActivatedRoute","filePath":"/Users/AndrewStarr/Documents/vsCode/Personal Website/node_modules/@angular/router/router.d.ts"},{"__symbol":79,"name":"ɵf","filePath":"/Users/AndrewStarr/Documents/vsCode/Personal Website/node_modules/@angular/router/router.d.ts"},{"__symbol":80,"name":"SystemJsNgModuleLoader","filePath":"/Users/AndrewStarr/Documents/vsCode/Personal Website/node_modules/@angular/core/core.d.ts"},{"__symbol":81,"name":"SystemJsNgModuleLoaderConfig","filePath":"/Users/AndrewStarr/Documents/vsCode/Personal Website/node_modules/@angular/core/core.d.ts"},{"__symbol":82,"name":"RouterPreloader","filePath":"/Users/AndrewStarr/Documents/vsCode/Personal Website/node_modules/@angular/router/router.d.ts"},{"__symbol":83,"name":"PreloadingStrategy","filePath":"/Users/AndrewStarr/Documents/vsCode/Personal Website/node_modules/@angular/router/router.d.ts"},{"__symbol":84,"name":"NoPreloading","filePath":"/Users/AndrewStarr/Documents/vsCode/Personal Website/node_modules/@angular/router/router.d.ts"},{"__symbol":85,"name":"PreloadAllModules","filePath":"/Users/AndrewStarr/Documents/vsCode/Personal Website/node_modules/@angular/router/router.d.ts"},{"__symbol":86,"name":"ɵa","filePath":"/Users/AndrewStarr/Documents/vsCode/Personal Website/node_modules/@angular/router/router.d.ts"},{"__symbol":87,"name":"ɵd","filePath":"/Users/AndrewStarr/Documents/vsCode/Personal Website/node_modules/@angular/router/router.d.ts"},{"__symbol":88,"name":"ɵc","filePath":"/Users/AndrewStarr/Documents/vsCode/Personal Website/node_modules/@angular/router/router.d.ts"},{"__symbol":89,"name":"PlatformLocation","filePath":"/Users/AndrewStarr/Documents/vsCode/Personal Website/node_modules/@angular/common/common.d.ts"},{"__symbol":90,"name":"APP_BASE_HREF","filePath":"/Users/AndrewStarr/Documents/vsCode/Personal Website/node_modules/@angular/common/common.d.ts"},{"__symbol":91,"name":"ɵb","filePath":"/Users/AndrewStarr/Documents/vsCode/Personal Website/node_modules/@angular/router/router.d.ts"},{"__symbol":92,"name":"ɵg","filePath":"/Users/AndrewStarr/Documents/vsCode/Personal Website/node_modules/@angular/router/router.d.ts"},{"__symbol":93,"name":"ɵh","filePath":"/Users/AndrewStarr/Documents/vsCode/Personal Website/node_modules/@angular/router/router.d.ts"},{"__symbol":94,"name":"ROUTER_INITIALIZER","filePath":"/Users/AndrewStarr/Documents/vsCode/Personal Website/node_modules/@angular/router/router.d.ts"},{"__symbol":95,"name":"ɵi","filePath":"/Users/AndrewStarr/Documents/vsCode/Personal Website/node_modules/@angular/router/router.d.ts"},{"__symbol":96,"name":"APP_BOOTSTRAP_LISTENER","filePath":"/Users/AndrewStarr/Documents/vsCode/Personal Website/node_modules/@angular/core/core.d.ts"},{"__symbol":97,"name":"ɵi","filePath":"/Users/AndrewStarr/Documents/vsCode/Personal Website/node_modules/@angular/forms/forms.d.ts"},{"__symbol":98,"name":"FormsModule","filePath":"/Users/AndrewStarr/Documents/vsCode/Personal Website/node_modules/@angular/forms/forms.d.ts"},{"__symbol":99,"name":"EducationService","filePath":"/Users/AndrewStarr/Documents/vsCode/Personal Website/src/app/services/education.service.d.ts"},{"__symbol":100,"name":"JobService","filePath":"/Users/AndrewStarr/Documents/vsCode/Personal Website/src/app/services/job.service.d.ts"},{"__symbol":101,"name":"ProjectService","filePath":"/Users/AndrewStarr/Documents/vsCode/Personal Website/src/app/services/project.service.d.ts"},{"__symbol":102,"name":"ScrollService","filePath":"/Users/AndrewStarr/Documents/vsCode/Personal Website/src/app/services/scroll.service.d.ts"},{"__symbol":103,"name":"ScreenSizeService","filePath":"/Users/AndrewStarr/Documents/vsCode/Personal Website/src/app/services/screen-size.service.d.ts"},{"__symbol":104,"name":"RouterModule","filePath":"/Users/AndrewStarr/Documents/vsCode/Personal Website/node_modules/@angular/router/router.d.ts"},{"__symbol":105,"name":"ɵba","filePath":"/Users/AndrewStarr/Documents/vsCode/Personal Website/node_modules/@angular/forms/forms.d.ts"}]}