{"summaries":[{"symbol":{"__symbol":0,"members":[]},"metadata":{"__symbolic":"class","members":{"getColleges":[{"__symbolic":"method"}],"getCollege":[{"__symbolic":"method"}],"getHighSchool":[{"__symbolic":"method"}],"stringifyMajors":[{"__symbolic":"method"}]}},"type":{"summaryKind":3,"type":{"reference":{"__symbol":0,"members":[]},"diDeps":[],"lifecycleHooks":[]}}}],"symbols":[{"__symbol":0,"name":"EducationService","filePath":"/Users/AndrewStarr/Documents/vsCode/Personal Website/src/app/services/education.service.d.ts"}]}