{"summaries":[{"symbol":{"__symbol":0,"members":[]},"metadata":{"__symbolic":"class","members":{"__ctor__":[{"__symbolic":"constructor","parameterDecorators":[[{"__symbolic":"call","expression":{"__symbol":1,"members":[]},"arguments":[{"__symbol":2,"members":[]}]}]],"parameters":[null]}],"getScreenSize":[{"__symbolic":"method"}],"getColor":[{"__symbolic":"method"}],"isScreenXS":[{"__symbolic":"method"}],"isScreenSM":[{"__symbolic":"method"}],"isScreenMD":[{"__symbolic":"method"}],"isScreenLG":[{"__symbolic":"method"}]}},"type":{"summaryKind":3,"type":{"reference":{"__symbol":0,"members":[]},"diDeps":[{"isAttribute":false,"isHost":false,"isSelf":false,"isSkipSelf":false,"isOptional":false,"token":{"identifier":{"reference":{"__symbol":2,"members":[]}}}}],"lifecycleHooks":[]}}}],"symbols":[{"__symbol":0,"name":"ScreenSizeService","filePath":"/Users/AndrewStarr/Documents/vsCode/Personal Website/src/app/services/screen-size.service.d.ts"},{"__symbol":1,"name":"Inject","filePath":"/Users/AndrewStarr/Documents/vsCode/Personal Website/node_modules/@angular/core/core.d.ts"},{"__symbol":2,"name":"DOCUMENT","filePath":"/Users/AndrewStarr/Documents/vsCode/Personal Website/node_modules/@angular/platform-browser/platform-browser.d.ts"}]}