{"summaries":[{"symbol":{"__symbol":0,"members":[]},"metadata":[{"id":1,"name":"Bowling Green State University","abbreviation":"BGSU","city":"Bowling Green","state":"Ohio","degree":"Bachelor of Science (BS)","majors":["Computer Science"],"minor":"Recording Technology","gpa":3.61,"graduationDate":{"__symbolic":"new","arguments":[2015,11,19]}},{"id":2,"name":"Hillsong International Leadership College","abbreviation":"HILC","city":"Sydney","state":"Australia","degree":"Diploma of Ministry","majors":["Music","Theology"],"graduationDate":{"__symbolic":"new","arguments":[2009,6,20]}}]},{"symbol":{"__symbol":1,"members":[]},"metadata":{"id":1,"name":"Eastwood","city":"Pemberville","state":"Ohio","gpa":4.35,"graduationDate":{"__symbolic":"new","arguments":[2007,5,3]}}}],"symbols":[{"__symbol":0,"name":"COLLEGES","filePath":"/Users/AndrewStarr/Documents/vsCode/Personal Website/src/app/data-collections/education.d.ts"},{"__symbol":1,"name":"HIGHSCHOOL","filePath":"/Users/AndrewStarr/Documents/vsCode/Personal Website/src/app/data-collections/education.d.ts"}]}